"Exp","HMI","VPNr","TC10_Aut_Lvl_Sta","TC10_Aut_Lvl_End","TC10_Aut_Lvl_Notification","TC10_TimeToFirstAction","TC10_TimeToL0","TC10_Action_1","TC10_Action_2","TC10_Action_3","TC10_Action_4","TC10_Action_5","TC10_Action_6","TC10_Action_7","TC10_TimeToAction_1","TC10_TimeToAction_2","TC10_TimeToAction_3","TC10_TimeToAction_4","TC10_TimeToAction_5","TC10_TimeToAction_6","TC10_TimeToAction_7","TC12_Aut_Lvl_Sta","TC12_Aut_Lvl_End","TC12_Aut_Lvl_Notification","TC12_TimeToFirstAction","TC12_TimeToL0","TC12_Action_1","TC12_Action_2","TC12_Action_3","TC12_Action_4","TC12_TimeToAction_1","TC12_TimeToAction_2","TC12_TimeToAction_3","TC12_TimeToAction_4"
1,"HC",1,3,0,3,10.8166668,16.2166665999999,2,2,2,1,NA,NA,NA,10.8166668,11.4166695999999,13.7166683999998,16.1833355999999,NA,NA,NA,3,0,3,2.86666529999999,2.91666660000011,3,NA,NA,NA,2.86666529999999,NA,NA,NA
1,"HC",2,3,0,3,22.8499880000001,22.9166531,3,NA,NA,NA,NA,NA,NA,22.8499880000001,NA,NA,NA,NA,NA,NA,3,0,3,7.3166668999996,9.83333239999972,2,1,NA,NA,7.3166668999996,9.7999998999997,NA,NA
1,"HC",3,3,0,3,9.25000100000016,10.3666653,2,1,NA,NA,NA,NA,NA,9.25000100000016,10.3333335000002,NA,NA,NA,NA,NA,3,0,3,7.51666660000011,7.56666580000008,3,NA,NA,NA,7.51666660000011,NA,NA,NA
1,"HC",4,3,0,3,6.05000300000003,9.93333749999991,2,2,2,2,2,2,1,6.05000300000003,6.51666469999985,7.85000879999995,8.40000040000002,9.06666479999991,9.34999849999999,9.88333330000006,3,0,3,2.58333350000018,2.63333130000019,1,NA,NA,NA,2.58333350000018,NA,NA,NA
1,"HC",5,3,0,3,4.41666669999994,9.85000779999979,2,2,2,2,3,NA,NA,4.41666669999994,4.91666610000003,6.21666629999969,6.86666659999965,9.79999829999963,NA,NA,3,0,3,2.9999870000002,3.04998860000027,3,NA,NA,NA,2.9999870000002,NA,NA,NA
1,"HC",6,3,0,3,17.1999815,18.9833156000001,2,2,1,NA,NA,NA,NA,17.1999815,17.6999820000001,18.916649,NA,NA,NA,NA,3,0,3,3.1999981999998,3.24999809999997,1,NA,NA,NA,3.1999981999998,NA,NA,NA
1,"HC",7,3,0,3,17.6666665000001,17.7166673000001,1,NA,NA,NA,NA,NA,NA,17.6666665000001,NA,NA,NA,NA,NA,NA,3,0,3,4.18333319999976,4.25000020000013,1,NA,NA,NA,4.18333319999976,NA,NA,NA
1,"HC",8,3,0,3,23.8833304000001,21.8333308000001,3,NA,NA,NA,NA,NA,NA,23.8833304000001,NA,NA,NA,NA,NA,NA,3,0,3,8.30000070000021,8.35000059999991,3,NA,NA,NA,8.30000070000021,NA,NA,NA
1,"HC",9,3,0,3,18.1833354999998,18.2166769999999,1,NA,NA,NA,NA,NA,NA,18.1833354999998,NA,NA,NA,NA,NA,NA,3,0,3,6.86666690000007,6.91666720000003,1,NA,NA,NA,6.86666690000007,NA,NA,NA
1,"HC",10,3,0,3,9.26666479999991,9.31666470000008,1,NA,NA,NA,NA,NA,NA,9.26666479999991,NA,NA,NA,NA,NA,NA,3,0,3,4.58333419999992,4.65000059999991,1,NA,NA,NA,4.58333419999992,NA,NA,NA
1,"HC",11,3,0,3,7.49999470000016,7.54999640000006,1,NA,NA,NA,NA,NA,NA,7.49999470000016,NA,NA,NA,NA,NA,NA,3,0,3,7.33333549999981,7.36666029999987,1,NA,NA,NA,7.33333549999981,NA,NA,NA
1,"HC",12,3,0,3,19.3,19.3499979000001,1,NA,NA,NA,NA,NA,NA,19.3,NA,NA,NA,NA,NA,NA,3,0,3,3.60000020000013,3.64999870000011,1,NA,NA,NA,3.60000020000013,NA,NA,NA
1,"HC",13,3,0,3,9.01666730000009,19.5666669000001,2,2,2,1,NA,NA,NA,9.01666730000009,13.2666647999999,14.2166669000001,19.5333339,NA,NA,NA,3,0,3,4.88333360000001,4.94999839999992,1,NA,NA,NA,4.88333360000001,NA,NA,NA
1,"HC",14,3,0,3,5.68336150000012,5.73333180000004,1,NA,NA,NA,NA,NA,NA,5.68336150000012,NA,NA,NA,NA,NA,NA,3,0,3,3.71683649999998,3.78333179999981,1,NA,NA,NA,3.71683649999998,NA,NA,NA
1,"HC",15,3,0,3,12.2500127999999,12.3000508999999,3,NA,NA,NA,NA,NA,NA,12.2500127999999,NA,NA,NA,NA,NA,NA,3,0,3,1.3499994000000901,1.39999970000004,3,3,NA,NA,1.3499994000000901,5.48333460000018,NA,NA
1,"HC",16,3,0,3,7.91666920000012,9.06666850000015,2,1,NA,NA,NA,NA,NA,7.91666920000012,9.0333350000002,NA,NA,NA,NA,NA,3,0,3,6.88333089999994,6.93333250000002,1,3,NA,NA,6.88333089999994,7.43333290000027,NA,NA
1,"HC",17,3,0,3,6.60000150000001,8.98333429999999,2,2,1,NA,NA,NA,NA,6.60000150000001,7.24999949999992,8.91666680000001,NA,NA,NA,NA,3,0,3,2.41666669999994,2.46666500000004,1,NA,NA,NA,2.41666669999994,NA,NA,NA
1,"HC",18,3,0,3,13.5666728000001,13.6166650999999,1,NA,NA,NA,NA,NA,NA,13.5666728000001,NA,NA,NA,NA,NA,NA,3,0,3,3.05000199999986,3.09999560000002,1,NA,NA,NA,3.05000199999986,NA,NA,NA
1,"HC",19,3,0,3,22.8499934,22.8999927000001,3,NA,NA,NA,NA,NA,NA,22.8499934,NA,NA,NA,NA,NA,NA,3,0,3,7.61666660000011,7.66666920000035,3,NA,NA,NA,7.61666660000011,NA,NA,NA
1,"HC",20,3,0,3,25.4999977000002,25.5666668,3,NA,NA,NA,NA,NA,NA,25.4999977000002,NA,NA,NA,NA,NA,NA,3,0,3,1.78333470000001,1.85000150000025,3,NA,NA,NA,1.78333470000001,NA,NA,NA
1,"HC",21,3,0,3,9.50000100000016,9.56666660000011,3,NA,NA,NA,NA,NA,NA,9.50000100000016,NA,NA,NA,NA,NA,NA,3,0,3,3.1666669999999,3.21666720000003,1,NA,NA,NA,3.1666669999999,NA,NA,NA
1,"HC",22,3,0,3,6.90000069999997,10.7666669999999,2,2,3,NA,NA,NA,NA,6.90000069999997,8.59999970000004,10.7166665999999,NA,NA,NA,NA,3,0,3,2.63333379999991,2.68333169999998,3,NA,NA,NA,2.63333379999991,NA,NA,NA
1,"HC",23,3,0,3,17.7666683999999,17.8166657999998,1,NA,NA,NA,NA,NA,NA,17.7666683999999,NA,NA,NA,NA,NA,NA,3,0,3,2.16666659999988,2.21666659999988,1,NA,NA,NA,2.16666659999988,NA,NA,NA
1,"HC",24,3,0,3,16.1333341000001,16.1833334000001,3,NA,NA,NA,NA,NA,NA,16.1333341000001,NA,NA,NA,NA,NA,NA,3,0,3,9.08333320000023,9.13333100000024,3,NA,NA,NA,9.08333320000023,NA,NA,NA
1,"HC",25,3,0,3,7.34999749999982,7.41666589999991,1,NA,NA,NA,NA,NA,NA,7.34999749999982,NA,NA,NA,NA,NA,NA,3,0,3,7.40000020000013,7.43333529999992,1,3,NA,NA,7.40000020000013,8.88333470000001,NA,NA
1,"HC",26,3,0,3,16.6166658000001,16.6833333000001,1,NA,NA,NA,NA,NA,NA,16.6166658000001,NA,NA,NA,NA,NA,NA,3,0,3,6.19999759999989,6.24999959999998,1,NA,NA,NA,6.19999759999989,NA,NA,NA
1,"LC",51,3,0,3,4.85000509999995,4.91666760000004,1,NA,NA,NA,NA,NA,NA,4.85000509999995,NA,NA,NA,NA,NA,NA,3,0,3,8.24999660000019,8.29999470000016,3,NA,NA,NA,8.24999660000019,NA,NA,NA
1,"LC",52,3,0,3,7.85000459999964,13.3166691999999,2,2,2,1,NA,NA,NA,7.85000459999964,12.0000118,12.6500030999999,13.2666662999997,NA,NA,NA,3,0,3,6.01666650000028,6.06666820000019,1,NA,NA,NA,6.01666650000028,NA,NA,NA
1,"LC",53,3,0,3,6.49999809999997,6.55000050000008,3,NA,NA,NA,NA,NA,NA,6.49999809999997,NA,NA,NA,NA,NA,NA,3,0,3,4.51666889999993,4.56666940000001,3,1,1,NA,4.51666889999993,5.11666909999982,6.06666849999991,NA
1,"LC",54,3,0,3,9.43333110000007,9.48333339999989,1,NA,NA,NA,NA,NA,NA,9.43333110000007,NA,NA,NA,NA,NA,NA,3,0,3,7.93333290000004,7.98333329999982,3,NA,NA,NA,7.93333290000004,NA,NA,NA
1,"LC",55,3,0,3,22.7500006000001,22.8166669000001,3,NA,NA,NA,NA,NA,NA,22.7500006000001,NA,NA,NA,NA,NA,NA,3,0,3,7.75000029999996,7.80000139999995,3,NA,NA,NA,7.75000029999996,NA,NA,NA
1,"LC",56,3,0,3,26.8999942999999,26.9499941999998,3,NA,NA,NA,NA,NA,NA,26.8999942999999,NA,NA,NA,NA,NA,NA,3,0,3,12.0999974999996,12.1499986999999,3,NA,NA,NA,12.0999974999996,NA,NA,NA
1,"LC",57,3,0,3,26.3833332,26.433335,3,NA,NA,NA,NA,NA,NA,26.3833332,NA,NA,NA,NA,NA,NA,3,0,3,6.09999989999994,7.93332780000009,2,2,3,NA,6.09999989999994,6.55001099999994,7.86666100000008,NA
1,"LC",58,3,0,3,22.6000003,22.6666669999999,3,NA,NA,NA,NA,NA,NA,22.6000003,NA,NA,NA,NA,NA,NA,3,0,3,3.21666760000028,3.25000080000004,1,NA,NA,NA,3.21666760000028,NA,NA,NA
1,"LC",59,3,0,3,15.1666686999998,15.2166679,1,NA,NA,NA,NA,NA,NA,15.1666686999998,NA,NA,NA,NA,NA,NA,3,0,3,9.29999990000017,9.34999770000018,3,NA,NA,NA,9.29999990000017,NA,NA,NA
1,"LC",60,3,0,3,6.10000019999989,6.13333180000004,1,NA,NA,NA,NA,NA,NA,6.10000019999989,NA,NA,NA,NA,NA,NA,3,0,3,2.6833162,2.73331949999998,1,NA,NA,NA,2.6833162,NA,NA,NA
1,"LC",61,3,0,3,13.9166671,13.9833371000001,1,NA,NA,NA,NA,NA,NA,13.9166671,NA,NA,NA,NA,NA,NA,3,0,3,3.04999849999999,3.09999989999994,1,NA,NA,NA,3.04999849999999,NA,NA,NA
1,"LC",62,3,0,3,26.2500007,26.3000185,3,NA,NA,NA,NA,NA,NA,26.2500007,NA,NA,NA,NA,NA,NA,3,0,3,3.56666389999958,3.61666389999958,1,NA,NA,NA,3.56666389999958,NA,NA,NA
1,"LC",63,3,0,3,6.26666830000002,8.08333569999994,2,2,3,1,1,NA,NA,6.26666830000002,6.76666879999987,8.03333829999995,8.98333559999987,10.5333334999999,NA,NA,3,0,3,3.48333339999989,3.55,1,NA,NA,NA,3.48333339999989,NA,NA,NA
1,"LC",65,3,0,3,24.5166650999999,24.5833325999998,3,NA,NA,NA,NA,NA,NA,24.5166650999999,NA,NA,NA,NA,NA,NA,3,0,3,6.85000200000009,8.08333510000003,2,3,NA,NA,6.85000200000009,8.05000160000008,NA,NA
1,"LC",66,3,0,3,24.0000001000001,24.05,3,NA,NA,NA,NA,NA,NA,24.0000001000001,NA,NA,NA,NA,NA,NA,3,0,3,8.56663569999998,8.61663599999994,3,NA,NA,NA,8.56663569999998,NA,NA,NA
1,"LC",67,3,0,3,22.1833370000001,24.5833333000001,2,3,NA,NA,NA,NA,NA,22.1833370000001,24.5500800000001,NA,NA,NA,NA,NA,3,0,3,2.46666819999996,2.53333510000003,1,NA,NA,NA,2.46666819999996,NA,NA,NA
1,"LC",68,3,0,3,8.56666489999997,8.61666479999991,1,NA,NA,NA,NA,NA,NA,8.56666489999997,NA,NA,NA,NA,NA,NA,3,0,3,6.11668319999985,6.16666509999987,1,NA,NA,NA,6.11668319999985,NA,NA,NA
1,"LC",69,3,0,3,11.7333330999999,11.7833325999998,1,NA,NA,NA,NA,NA,NA,11.7333330999999,NA,NA,NA,NA,NA,NA,3,0,3,3.60000010000006,3.64999780000001,1,NA,NA,NA,3.60000010000006,NA,NA,NA
1,"LC",70,3,0,3,10.9666712,11.0166677000001,1,NA,NA,NA,NA,NA,NA,10.9666712,NA,NA,NA,NA,NA,NA,3,0,3,11.5333286000001,11.5833510000003,3,NA,NA,NA,11.5333286000001,NA,NA,NA
1,"LC",71,3,0,3,24.8999982999999,24.9499997999999,3,NA,NA,NA,NA,NA,NA,24.8999982999999,NA,NA,NA,NA,NA,NA,3,0,3,2.90000120000006,2.94999560000002,3,NA,NA,NA,2.90000120000006,NA,NA,NA
1,"LC",72,3,0,3,3.03333360000001,3.08333160000015,1,NA,NA,NA,NA,NA,NA,3.03333360000001,NA,NA,NA,NA,NA,NA,3,0,3,3.73325750000007,3.78324729999993,1,NA,NA,NA,3.73325750000007,NA,NA,NA
1,"LC",73,3,0,3,22.3499989,22.4000077,3,NA,NA,NA,NA,NA,NA,22.3499989,NA,NA,NA,NA,NA,NA,3,0,3,9.16666719999956,9.21666469999962,3,NA,NA,NA,9.16666719999956,NA,NA,NA
1,"LC",74,3,0,3,21.8500003000002,21.9166670000001,3,NA,NA,NA,NA,NA,NA,21.8500003000002,NA,NA,NA,NA,NA,NA,3,0,3,7.48333389999997,7.55,3,NA,NA,NA,7.48333389999997,NA,NA,NA
1,"LC",75,3,2,3,7.73331759999995,7.78331799999997,1,1,NA,NA,NA,NA,NA,7.73331759999995,10.0833204999999,NA,NA,NA,NA,NA,3,0,3,9.13333360000001,9.18333329999959,3,NA,NA,NA,9.13333360000001,NA,NA,NA
1,"LC",76,3,0,3,4.1666679,4.96667320000008,2,1,NA,NA,NA,NA,NA,4.1666679,4.93333340000012,NA,NA,NA,NA,NA,3,0,3,2.56666570000025,2.61666749999998,3,NA,NA,NA,2.56666570000025,NA,NA,NA
1,"LC",77,3,0,3,21.8666669000001,21.9166669000001,3,NA,NA,NA,NA,NA,NA,21.8666669000001,NA,NA,NA,NA,NA,NA,3,0,3,3.18335999999999,3.2333639,3,3,NA,NA,3.18335999999999,3.51665989999997,NA,NA
2,"HC",4,3,0,3,5.4,5.5,1,NA,NA,NA,NA,NA,NA,5.4,NA,NA,NA,NA,NA,NA,3,0,3,2.5,2.8,3,NA,NA,NA,2.5,NA,NA,NA
2,"HC",5,3,0,3,21.7,21.9,3,NA,NA,NA,NA,NA,NA,21.7,NA,NA,NA,NA,NA,NA,3,0,3,1.6,1.7,3,NA,NA,NA,1.6,NA,NA,NA
2,"HC",6,3,0,3,6.9,21.4,2,2,3,NA,NA,NA,NA,6.9,8,21.1,NA,NA,NA,NA,3,0,3,3.2,3.7,3,NA,NA,NA,3.2,NA,NA,NA
2,"HC",7,3,0,3,8.2,8.4,1,3,NA,NA,NA,NA,NA,8.2,9.4,NA,NA,NA,NA,NA,3,0,3,1.5,1.7,3,NA,NA,NA,1.5,NA,NA,NA
2,"HC",8,3,0,3,17.4,17.5,1,NA,NA,NA,NA,NA,NA,17.4,NA,NA,NA,NA,NA,NA,3,0,3,5.7,5.8,1,NA,NA,NA,5.7,NA,NA,NA
2,"HC",9,3,0,3,6.6,7.5,3,NA,NA,NA,NA,NA,NA,6.6,NA,NA,NA,NA,NA,NA,3,0,3,2.3,2.6,3,NA,NA,NA,2.3,NA,NA,NA
2,"HC",10,3,0,3,6.6,6.9,3,1,1,NA,NA,NA,NA,6.6,8,9.8,NA,NA,NA,NA,3,0,3,5,5.1,1,3,NA,NA,5,5.7,NA,NA
2,"HC",11,3,0,3,11.4,11.6,3,NA,NA,NA,NA,NA,NA,11.4,NA,NA,NA,NA,NA,NA,3,0,3,4.2,4.4,3,NA,NA,NA,4.2,NA,NA,NA
2,"HC",13,3,0,3,14.2,14.5,3,NA,NA,NA,NA,NA,NA,14.2,NA,NA,NA,NA,NA,NA,3,0,3,3.9,4,3,NA,NA,NA,3.9,NA,NA,NA
2,"HC",14,3,0,3,25.1,25.3,3,NA,NA,NA,NA,NA,NA,25.1,NA,NA,NA,NA,NA,NA,3,0,3,3.4,3.6,3,NA,NA,NA,3.4,NA,NA,NA
2,"HC",15,3,0,3,13.7,14.3,3,NA,NA,NA,NA,NA,NA,13.7,NA,NA,NA,NA,NA,NA,3,0,3,1.8,2.2,3,NA,NA,NA,1.8,NA,NA,NA
2,"HC",16,3,0,3,9.7,10.1,3,3,NA,NA,NA,NA,NA,9.7,10.5,NA,NA,NA,NA,NA,3,0,3,1.4,1.6,3,NA,NA,NA,1.4,NA,NA,NA
2,"HC",17,3,0,3,7.7,10.1,2,2,1,NA,NA,NA,NA,7.7,9.1,9.9,NA,NA,NA,NA,3,0,3,1.8,2.1,3,NA,NA,NA,1.8,NA,NA,NA
2,"HC",18,3,0,3,15.5,15.7,3,NA,NA,NA,NA,NA,NA,15.5,NA,NA,NA,NA,NA,NA,3,0,3,2.1,2.2,3,NA,NA,NA,2.1,NA,NA,NA
2,"HC",19,3,0,3,16,16.2,1,NA,NA,NA,NA,NA,NA,16,NA,NA,NA,NA,NA,NA,3,0,3,7.4,7.6,3,NA,NA,NA,7.4,NA,NA,NA
2,"HC",20,3,0,3,7.2,7.4,1,NA,NA,NA,NA,NA,NA,7.2,NA,NA,NA,NA,NA,NA,3,0,3,3.9,4,1,NA,NA,NA,3.9,NA,NA,NA
2,"HC",21,3,0,3,7.7,8,3,NA,NA,NA,NA,NA,NA,7.7,NA,NA,NA,NA,NA,NA,3,0,3,1.4,1.5,3,NA,NA,NA,1.4,NA,NA,NA
2,"HC",23,3,0,3,10.9,17.1,2,2,2,1,NA,NA,NA,10.9,12.3,13.8,17,NA,NA,NA,3,0,3,2.3,2.5,3,1,1,NA,2.3,2.9,4,NA
2,"HC",24,3,0,3,23.1,23.3,1,NA,NA,NA,NA,NA,NA,23.1,NA,NA,NA,NA,NA,NA,3,0,3,4.9,5,1,NA,NA,NA,4.9,NA,NA,NA
2,"HC",25,3,0,3,3.5,3.7,1,NA,NA,NA,NA,NA,NA,3.5,NA,NA,NA,NA,NA,NA,3,0,3,1.1,1.5,3,3,NA,NA,1.1,1.7,NA,NA
2,"HC",26,3,0,3,13.9,14,3,NA,NA,NA,NA,NA,NA,13.9,NA,NA,NA,NA,NA,NA,3,0,3,1.8,2,3,NA,NA,NA,1.8,NA,NA,NA
2,"HC",27,3,0,3,14.6,14.8,3,NA,NA,NA,NA,NA,NA,14.6,NA,NA,NA,NA,NA,NA,3,0,3,4.4,4.7,3,NA,NA,NA,4.4,NA,NA,NA
2,"HC",28,3,0,3,12.6,12.7,3,NA,NA,NA,NA,NA,NA,12.6,NA,NA,NA,NA,NA,NA,3,0,3,4.4,4.6,3,NA,NA,NA,4.4,NA,NA,NA
2,"HC",29,3,0,3,5.8,9.3,2,2,2,1,NA,NA,NA,5.8,6.5,7.7,9.1,NA,NA,NA,3,0,3,4.2,4.3,1,NA,NA,NA,4.2,NA,NA,NA
2,"HC",30,3,0,3,4.5,4.6,1,3,NA,NA,NA,NA,NA,4.5,4.9,NA,NA,NA,NA,NA,3,0,3,4,4.2,1,NA,NA,NA,4,NA,NA,NA
2,"HC",31,3,0,3,10.5,10.7,3,NA,NA,NA,NA,NA,NA,10.5,NA,NA,NA,NA,NA,NA,3,0,3,10,10.1,3,NA,NA,NA,10,NA,NA,NA
2,"HC",32,2,NA,2,NA,NA,NA,NA,NA,NA,NA,NA,NA,NA,NA,NA,NA,NA,NA,NA,3,0,3,4.2,4.3,3,NA,NA,NA,4.2,NA,NA,NA
2,"HC",33,3,0,3,7.6,7.8,1,NA,NA,NA,NA,NA,NA,7.6,NA,NA,NA,NA,NA,NA,3,0,3,1.3,1.4,3,NA,NA,NA,1.3,NA,NA,NA
2,"HC",34,3,0,3,8.8,12.8,2,2,2,1,NA,NA,NA,8.8,9.7,11,12.7,NA,NA,NA,3,0,3,2.8,2.9,1,NA,NA,NA,2.8,NA,NA,NA
2,"HC",35,3,0,3,11.9,12.1,3,NA,NA,NA,NA,NA,NA,11.9,NA,NA,NA,NA,NA,NA,3,0,3,1.7,1.9,3,NA,NA,NA,1.7,NA,NA,NA
2,"HC",36,3,0,3,5.6,6.1,3,NA,NA,NA,NA,NA,NA,5.6,NA,NA,NA,NA,NA,NA,3,0,3,2.2,2.3,3,NA,NA,NA,2.2,NA,NA,NA
2,"HC",37,3,0,3,11.2,11.3,3,NA,NA,NA,NA,NA,NA,11.2,NA,NA,NA,NA,NA,NA,3,0,3,1.5,1.6,3,NA,NA,NA,1.5,NA,NA,NA
2,"HC",38,3,0,3,5.5,6.9,2,2,1,NA,NA,NA,NA,5.5,6.1,6.8,NA,NA,NA,NA,3,0,3,5.2,5.4,1,NA,NA,NA,5.2,NA,NA,NA
2,"LC",53,3,0,3,9.4,9.6,3,NA,NA,NA,NA,NA,NA,9.4,NA,NA,NA,NA,NA,NA,3,0,3,4,4.2,3,NA,NA,NA,4,NA,NA,NA
2,"LC",54,3,0,3,11,13.7,2,2,1,3,NA,NA,NA,11,12.2,13.6,14.5,NA,NA,NA,3,0,3,2.7,3.7,2,3,NA,NA,2.7,3.6,NA,NA
2,"LC",56,3,0,3,8.5,8.8,3,NA,NA,NA,NA,NA,NA,8.5,NA,NA,NA,NA,NA,NA,3,0,3,1.8,2,3,NA,NA,NA,1.8,NA,NA,NA
2,"LC",57,3,3,3,NA,NA,NA,NA,NA,NA,NA,NA,NA,NA,NA,NA,NA,NA,NA,NA,3,3,3,NA,NA,NA,NA,NA,NA,NA,NA,NA,NA
2,"LC",58,3,0,3,25,25.3,3,NA,NA,NA,NA,NA,NA,25,NA,NA,NA,NA,NA,NA,3,3,3,NA,NA,NA,NA,NA,NA,NA,NA,NA,NA
2,"LC",59,3,0,3,9.2,9.4,3,NA,NA,NA,NA,NA,NA,9.2,NA,NA,NA,NA,NA,NA,3,0,3,4.8,4.9,1,NA,NA,NA,4.8,NA,NA,NA
2,"LC",60,3,0,3,27.6,27.8,3,NA,NA,NA,NA,NA,NA,27.6,NA,NA,NA,NA,NA,NA,3,0,3,9.2,9.4,3,NA,NA,NA,9.2,NA,NA,NA
2,"LC",61,3,0,3,5.6,5.7,3,1,NA,NA,NA,NA,NA,5.6,6.5,NA,NA,NA,NA,NA,3,0,3,4.1,4.2,1,NA,NA,NA,4.1,NA,NA,NA
2,"LC",62,3,0,3,24.9,25.2,3,3,NA,NA,NA,NA,NA,24.9,25.5,NA,NA,NA,NA,NA,3,0,3,7.7,7.9,3,NA,NA,NA,7.7,NA,NA,NA
2,"LC",63,3,0,3,31.6,31.8,1,NA,NA,NA,NA,NA,NA,31.6,NA,NA,NA,NA,NA,NA,3,0,3,16.6,16.8,1,NA,NA,NA,16.6,NA,NA,NA
2,"LC",64,3,0,3,28,28.2,3,NA,NA,NA,NA,NA,NA,28,NA,NA,NA,NA,NA,NA,3,0,3,7.3,7.6,3,NA,NA,NA,7.3,NA,NA,NA
2,"LC",65,3,0,3,21.3,21.6,3,NA,NA,NA,NA,NA,NA,21.3,NA,NA,NA,NA,NA,NA,3,0,3,7.1,7.4,3,3,3,NA,7.1,11,13.2,NA
2,"LC",66,3,0,3,28.7,28.8,1,3,3,NA,NA,NA,NA,28.7,31.3,32.8,NA,NA,NA,NA,3,0,3,5.9,6.1,1,NA,NA,NA,5.9,NA,NA,NA
2,"LC",67,2,0,3,21.2,21.5,3,NA,NA,NA,NA,NA,NA,21.2,NA,NA,NA,NA,NA,NA,3,0,3,7.9,8.1,3,NA,NA,NA,7.9,NA,NA,NA
2,"LC",69,3,0,3,4.6,4.9,3,NA,NA,NA,NA,NA,NA,4.6,NA,NA,NA,NA,NA,NA,3,0,3,4.9,5.2,3,NA,NA,NA,4.9,NA,NA,NA
2,"LC",70,3,0,3,5.9,6,1,NA,NA,NA,NA,NA,NA,5.9,NA,NA,NA,NA,NA,NA,3,0,3,15.9,16.2,1,NA,NA,NA,15.9,NA,NA,NA
2,"LC",71,2,NA,2,NA,NA,NA,NA,NA,NA,NA,NA,NA,NA,NA,NA,NA,NA,NA,NA,2,NA,2,NA,NA,NA,NA,NA,NA,NA,NA,NA,NA
2,"LC",72,3,0,3,42.9,43.1,1,NA,NA,NA,NA,NA,NA,42.9,NA,NA,NA,NA,NA,NA,3,0,3,19.1,19.3,1,NA,NA,NA,19.1,NA,NA,NA
2,"LC",73,3,0,3,7.8,8,1,NA,NA,NA,NA,NA,NA,7.8,NA,NA,NA,NA,NA,NA,3,0,3,8,8.3,3,NA,NA,NA,8,NA,NA,NA
2,"LC",74,3,0,3,27.2,27.6,3,NA,NA,NA,NA,NA,NA,27.2,NA,NA,NA,NA,NA,NA,3,0,3,9.5,9.7,3,NA,NA,NA,9.5,NA,NA,NA
2,"LC",75,3,0,3,37.8,38,1,3,3,NA,NA,NA,NA,37.8,38.3,40,NA,NA,NA,NA,3,0,3,17.9,18,1,3,NA,NA,17.9,18.9,NA,NA
2,"LC",76,3,0,3,9.3,9.7,3,NA,NA,NA,NA,NA,NA,9.3,NA,NA,NA,NA,NA,NA,3,0,3,7.3,7.6,3,NA,NA,NA,7.3,NA,NA,NA
2,"LC",77,3,0,3,21.4,21.6,3,NA,NA,NA,NA,NA,NA,21.4,NA,NA,NA,NA,NA,NA,3,0,3,8,8.4,3,NA,NA,NA,8,NA,NA,NA
2,"LC",78,3,0,3,7.9,8.1,1,NA,NA,NA,NA,NA,NA,7.9,NA,NA,NA,NA,NA,NA,2,NA,2,NA,NA,NA,NA,NA,NA,NA,NA,NA,NA
2,"LC",79,3,3,3,NA,NA,NA,NA,NA,NA,NA,NA,NA,NA,NA,NA,NA,NA,NA,NA,3,3,3,NA,NA,NA,NA,NA,NA,NA,NA,NA,NA
2,"LC",80,2,NA,2,NA,NA,NA,NA,NA,NA,NA,NA,NA,NA,NA,NA,NA,NA,NA,NA,3,0,3,18.1,18.2,3,NA,NA,NA,18.1,NA,NA,NA
2,"LC",81,3,0,3,28,28.2,3,NA,NA,NA,NA,NA,NA,28,NA,NA,NA,NA,NA,NA,3,0,3,7.1,7.9,2,3,NA,NA,7.1,7.7,NA,NA
2,"LC",82,3,0,3,21.4,21.6,3,3,NA,NA,NA,NA,NA,21.4,48,NA,NA,NA,NA,NA,3,0,3,7.1,7.5,3,3,NA,NA,7.1,28.6,NA,NA
3,"HC",1,3,0,3,6.7,14.5,2,2,3,NA,NA,NA,NA,6.7,7.2,14.2,NA,NA,NA,NA,3,0,3,2.7,2.9,3,NA,NA,NA,2.7,NA,NA,NA
3,"HC",2,3,0,3,10.4,10.8,3,NA,NA,NA,NA,NA,NA,10.4,NA,NA,NA,NA,NA,NA,3,0,3,2.9,3,3,NA,NA,NA,2.9,NA,NA,NA
3,"HC",3,3,0,3,25.9,26.1,3,3,NA,NA,NA,NA,NA,25.9,27.2,NA,NA,NA,NA,NA,3,0,3,10.7,10.9,3,NA,NA,NA,10.7,NA,NA,NA
3,"HC",4,3,0,3,5.4,5.6,3,NA,NA,NA,NA,NA,NA,5.4,NA,NA,NA,NA,NA,NA,3,0,3,3.1,3.4,3,NA,NA,NA,3.1,NA,NA,NA
3,"HC",5,3,0,3,9.8,10,3,NA,NA,NA,NA,NA,NA,9.8,NA,NA,NA,NA,NA,NA,3,0,3,2.8,3,3,NA,NA,NA,2.8,NA,NA,NA
3,"HC",6,3,0,3,5.2,5.4,1,NA,NA,NA,NA,NA,NA,5.2,NA,NA,NA,NA,NA,NA,3,0,3,5.1,5.2,1,NA,NA,NA,5.1,NA,NA,NA
3,"HC",7,3,0,3,27.8,27.9,3,NA,NA,NA,NA,NA,NA,27.8,NA,NA,NA,NA,NA,NA,3,0,3,18.1,18.4,3,NA,NA,NA,18.1,NA,NA,NA
3,"HC",8,3,0,3,9.6,9.7,3,1,NA,NA,NA,NA,NA,9.6,9.8,NA,NA,NA,NA,NA,3,3,3,NA,NA,NA,NA,NA,NA,NA,NA,NA,NA
3,"HC",9,3,0,3,4.7,4.9,1,NA,NA,NA,NA,NA,NA,4.7,NA,NA,NA,NA,NA,NA,3,0,3,1.6,1.8,3,NA,NA,NA,1.6,NA,NA,NA
3,"HC",10,3,0,3,14.8,15.1,3,NA,NA,NA,NA,NA,NA,14.8,NA,NA,NA,NA,NA,NA,3,0,3,1.4,1.7,3,NA,NA,NA,1.4,NA,NA,NA
3,"HC",11,3,0,3,8.1,8.3,1,2,NA,NA,NA,NA,NA,8.1,9,NA,NA,NA,NA,NA,3,0,3,2,2.2,3,NA,NA,NA,2,NA,NA,NA
3,"HC",12,3,0,3,5.1,5.4,3,NA,NA,NA,NA,NA,NA,5.1,NA,NA,NA,NA,NA,NA,3,0,3,2.3,2.4,3,NA,NA,NA,2.3,NA,NA,NA
3,"HC",13,3,0,3,22.1,22.5,3,NA,NA,NA,NA,NA,NA,22.1,NA,NA,NA,NA,NA,NA,3,0,3,1.9,2.2,3,NA,NA,NA,1.9,NA,NA,NA
3,"HC",14,3,0,3,7.8,8,3,NA,NA,NA,NA,NA,NA,7.8,NA,NA,NA,NA,NA,NA,3,0,3,6.6,6.9,3,NA,NA,NA,6.6,NA,NA,NA
3,"HC",15,3,0,3,23,23.3,3,NA,NA,NA,NA,NA,NA,23,NA,NA,NA,NA,NA,NA,3,0,3,7.4,7.5,3,NA,NA,NA,7.4,NA,NA,NA
3,"HC",16,3,0,3,14.9,15.1,3,NA,NA,NA,NA,NA,NA,14.9,NA,NA,NA,NA,NA,NA,3,0,3,2.4,2.6,3,NA,NA,NA,2.4,NA,NA,NA
3,"HC",17,3,0,3,27.2,27.4,3,NA,NA,NA,NA,NA,NA,27.2,NA,NA,NA,NA,NA,NA,3,0,3,5,5.1,1,NA,NA,NA,5,NA,NA,NA
3,"HC",18,3,0,3,15.3,15.5,3,NA,NA,NA,NA,NA,NA,15.3,NA,NA,NA,NA,NA,NA,3,0,3,2.2,2.6,3,NA,NA,NA,2.2,NA,NA,NA
3,"HC",19,3,0,3,5.7,5.8,1,NA,NA,NA,NA,NA,NA,5.7,NA,NA,NA,NA,NA,NA,3,0,3,1.5,1.8,3,NA,NA,NA,1.5,NA,NA,NA
3,"HC",20,3,0,3,9.6,9.8,3,NA,NA,NA,NA,NA,NA,9.6,NA,NA,NA,NA,NA,NA,3,0,3,2.1,2.2,3,NA,NA,NA,2.1,NA,NA,NA
3,"HC",21,3,0,3,20.8,21,3,NA,NA,NA,NA,NA,NA,20.8,NA,NA,NA,NA,NA,NA,3,0,3,7.1,7.3,3,NA,NA,NA,7.1,NA,NA,NA
3,"LC",51,2,NA,2,NA,NA,NA,NA,NA,NA,NA,NA,NA,NA,NA,NA,NA,NA,NA,NA,2,NA,2,NA,NA,NA,NA,NA,NA,NA,NA,NA,NA
3,"LC",52,3,0,3,21.7,21.9,3,NA,NA,NA,NA,NA,NA,21.7,NA,NA,NA,NA,NA,NA,3,0,3,7.2,7.3,3,NA,NA,NA,7.2,NA,NA,NA
3,"LC",53,3,0,3,35.1,35.4,3,NA,NA,NA,NA,NA,NA,35.1,NA,NA,NA,NA,NA,NA,3,0,3,10.8,11.2,3,NA,NA,NA,10.8,NA,NA,NA
3,"LC",54,3,0,3,24.8,25.5,2,3,4,3,NA,NA,NA,24.8,25,43.1,44,NA,NA,NA,3,0,3,4.2,4.6,3,NA,NA,NA,4.2,NA,NA,NA
3,"LC",55,2,NA,2,NA,NA,NA,NA,NA,NA,NA,NA,NA,NA,NA,NA,NA,NA,NA,NA,2,NA,2,NA,NA,NA,NA,NA,NA,NA,NA,NA,NA
3,"LC",56,2,NA,2,NA,NA,NA,NA,NA,NA,NA,NA,NA,NA,NA,NA,NA,NA,NA,NA,2,NA,2,NA,NA,NA,NA,NA,NA,NA,NA,NA,NA
3,"LC",57,3,3,3,NA,NA,NA,NA,NA,NA,NA,NA,NA,NA,NA,NA,NA,NA,NA,NA,3,0,3,7.6,7.7,3,NA,NA,NA,7.6,NA,NA,NA
3,"LC",58,3,0,3,26.3,26.5,3,4,NA,NA,NA,NA,NA,26.3,36.3,NA,NA,NA,NA,NA,3,0,3,8.7,9,3,NA,NA,NA,8.7,NA,NA,NA
3,"LC",59,2,NA,2,NA,NA,NA,NA,NA,NA,NA,NA,NA,NA,NA,NA,NA,NA,NA,NA,2,NA,2,NA,NA,NA,NA,NA,NA,NA,NA,NA,NA
3,"LC",60,3,0,3,6.4,6.6,1,3,NA,NA,NA,NA,NA,6.4,7.1,NA,NA,NA,NA,NA,3,0,3,6.9,7.1,1,NA,NA,NA,6.9,NA,NA,NA
3,"LC",61,3,0,3,27.3,27.4,3,NA,NA,NA,NA,NA,NA,27.3,NA,NA,NA,NA,NA,NA,3,0,3,4,4.2,1,NA,NA,NA,4,NA,NA,NA
3,"LC",62,3,0,3,27.1,27.2,3,NA,NA,NA,NA,NA,NA,27.1,NA,NA,NA,NA,NA,NA,3,0,3,9.4,9.6,3,NA,NA,NA,9.4,NA,NA,NA
3,"LC",63,3,0,3,25.2,25.4,3,NA,NA,NA,NA,NA,NA,25.2,NA,NA,NA,NA,NA,NA,3,0,3,13.7,14,3,NA,NA,NA,13.7,NA,NA,NA
3,"LC",64,3,0,3,27.1,27.2,3,NA,NA,NA,NA,NA,NA,27.1,NA,NA,NA,NA,NA,NA,3,0,3,7.5,7.6,3,NA,NA,NA,7.5,NA,NA,NA
3,"LC",65,3,0,3,26.1,26.3,3,NA,NA,NA,NA,NA,NA,26.1,NA,NA,NA,NA,NA,NA,3,0,3,14.1,14.3,3,3,NA,NA,14.1,16.8,NA,NA
3,"LC",66,3,0,3,21.8,22,3,NA,NA,NA,NA,NA,NA,21.8,NA,NA,NA,NA,NA,NA,3,0,3,6.7,6.9,3,NA,NA,NA,6.7,NA,NA,NA
3,"LC",67,3,0,3,13.9,21.7,2,3,3,NA,NA,NA,NA,13.9,21.5,25.2,NA,NA,NA,NA,3,0,3,11.3,11.5,3,NA,NA,NA,11.3,NA,NA,NA
3,"LC",68,2,NA,2,NA,NA,NA,NA,NA,NA,NA,NA,NA,NA,NA,NA,NA,NA,NA,NA,2,NA,2,NA,NA,NA,NA,NA,NA,NA,NA,NA,NA
3,"LC",69,3,0,3,14.3,14.5,3,NA,NA,NA,NA,NA,NA,14.3,NA,NA,NA,NA,NA,NA,3,0,3,6.6,6.7,1,3,NA,NA,6.6,7.7,NA,NA
3,"LC",70,3,0,3,23.3,24.2,3,NA,NA,NA,NA,NA,NA,23.3,NA,NA,NA,NA,NA,NA,3,0,3,11.8,12,3,NA,NA,NA,11.8,NA,NA,NA
3,"LC",71,3,0,3,12.6,12.8,1,NA,NA,NA,NA,NA,NA,12.6,NA,NA,NA,NA,NA,NA,3,0,3,2.6,2.7,1,NA,NA,NA,2.6,NA,NA,NA
