id,submitdate,lastpage,startlanguage,seed,startdate,datestamp,VP,Datum,PKZ[SQ001],PKZ[SQ002],PKZ[SQ003],Alter,Geschlecht,Erfahrung,KilometerJahr,Sehhilfe,Farbfehlsichtigkeit,Farbfehlsichtigkeit2,Vorwissen[SQ001],FAS[SQ001],FAS[SQ002],FAS[SQ003],FAS[SQ004],OftCC,AutomarkeCC,OftACC,AutomarkeACC,OftLKA,AutomarkeLKA,Zwischenfolie,Zwischenfolie,AutomatStufeBefunden,AutomatStufeBefunden[other],AenderungVerfuegbark,FallsJa,FallsJa[other],HaendeLenkrad,Emails,Sonderanmerkungen,Notiz,ER1,r53q0,q0r496,q0r496[other],r94q0,r440q0,r440q0[other],r182q0,r164q0,q0r969,q0r262,ER1,r482q0,q0r972,q0r972[other],r215q0,r564q0,r564q0[other],r554q0,r329q0,Probleme,fallsjaproblem,q0r994,q0r624,ER1,r509q0,q0r888,q0r888[other],r665q0,r207q0,r207q0[other],r274q0,r274q1,q0r3,q0r337,ER1,r831q0,q0r341,q0r341[other],r676q0,r217q0,r217q0[other],r36q0,r448q0,r500q0,r729q0,q0r409,q0r873,ER1,r305q0,q0r432,q0r432[other],r462q0,r608q0,r608q0[other],FallsJa2,FallsJa2[other],r711q0,r5q0,q0r933,q0r157,ER1,r429q0,q0r842,q0r842[other],r159q0,r808q0,r808q0[other],r734q0,r620q0,q0r676,q0r791,ER1,r545q0,q0r204,q0r204[other],r77q0,r29q0,r29q0[other],r64q0,r175q0,q0r774,q0r98,ER1,r745q0,q0r691,q0r691[other],r582q0,r243q0,r243q0[other],r185q0,r36q1,r438q0,r17q0,q0r355,q0r255,ER1,r236q0,q0r940,q0r940[other],r405q0,r754q0,r754q0[other],r733q0,r733q0[other],r801q0,r235q0,q0r299,q0r360,q0r485,q0r216,ER1,r639q0,q0r64,q0r64[other],r850q0,r972q0,r972q0[other],r722q0,r230q0,r469q0,r138q0,q0r83,q0r805,ER1,r986q0,q0r522,q0r522[other],r225q0,r822q0,r822q0[other],r857q0,r857q0[other],r769q0,r658q0,r663q0,r314q0,q0r1017,q0r594,ER1,r46q0,UsabilityMetric[SQ001],UsabilityMetric[SQ002],UsabilityMetric[SQ003],UsabilityMetric[SQ004],SUS1[SQ001],SUS1[SQ002],SUS1[SQ003],SUS1[SQ004],SUS1[SQ005],SUS1[SQ006],SUS1[SQ007],SUS1[SQ008],SUS1[SQ009],SUS1[SQ010],TuA[SQ001],TuA[SQ002],UEQ[SQ001],UEQ[SQ002],UEQ[SQ003],UEQ[SQ004],UEQ[SQ005],UEQ[SQ006],UEQ[SQ007],UEQ[SQ008],UEQ[SQ009],UEQ[SQ010],UEQ[SQ011],UEQ[SQ012],UEQ[SQ013],UEQ[SQ014],UEQ[SQ015],UEQ[SQ016],UEQ[SQ017],UEQ[SQ018],UEQ[SQ019],UEQ[SQ020],UEQ[SQ021],UEQ[SQ022],UEQ[SQ023],UEQ[SQ024],UEQ[SQ025],UEQ[SQ026],GutGefallen,NichtGefallen,Verbessern,Anmerkungen,AnstrengendWenden[SQ001],Uebel[SQ001],AllgAnregungen
2,2020-08-13 11:51:09,46,de,1003624200,2020-08-13 10:04:13,2020-08-13 11:51:09,VV52,2020-08-13 00:00:00,CL,RI,4,29,Weiblich,Mehrmals pro Woche,10.001 - 20.000 km,Nein,Nein,,3,Ja,Ja,Ja,Nein,Wöchentlich,"Holden (australische Automarke, gehört zu Opel), Mazda, BMW, Audi, Hyundai, Volvo, VW",Monatlich,"VW, Audi, BMW, Hyundai, Volvo",Monatlich,"VW, Audi, BMW, Hyundai",,,Manuelles Fahren,,Nein,,,Nein,Nein,,,Keine Probleme; Schnelles Verarbeiten;1,,Manuelles Fahren,,Ja,Automatisiert verfügbar,,Nein,Nein,,,Keine Probleme; Schnelles Verarbeiten;1,,Automatisiertes Fahren,,Nein,,,Ja,Ja,Nein,,,erste mode dann fas (prüfen,Keine Probleme; Schnelles Verarbeiten;1,,Automatisiertes Fahren,,Nein,,,Ja,Ja,,,Keine Probleme; Schnelles Verarbeiten;1,,Assistiertes Fahren,,Nein,,,Nein,Nein,Nein,,,,Keine Probleme; Schnelles Verarbeiten;1,,Assistiertes Fahren,,Ja,Automatisiert nicht mehr verfügbar,,Sensorfehler,,Nein,Nein,,kurz unsicher wegen hands on,Keine Probleme; Schnelles Verarbeiten;1,,Assistiertes Fahren,,Nein,,,Nein,Nein,,,Keine Probleme; Schnelles Verarbeiten;1,,Assistiertes Fahren,,Ja,Automatisiert verfügbar,,Nein,Nein,,,Keine Probleme; Schnelles Verarbeiten;1,,Automatisiertes Fahren,,Nein,,,Ja,Ja,Nein,,,,Keine Probleme; Schnelles Verarbeiten;1,,Manuelles Fahren,,Ja,Keines mehr verfügbar,,Systemgrenze,,Nein,Nein,Nein,,schneller wenn gleich aus knopf gedrückt hätte (heißt erst mode dann fas gedrückt),,"Zögern; Unabhängige Lösung ohne Fehler Aber: Zögern, sehr bewusstes Handeln und volle Konzentration; 2",,Automatisiertes Fahren,,Ja,Automatisiert verfügbar,,Ja,Ja,Nein,,,,Keine Probleme; Schnelles Verarbeiten;1,,Manuelles Fahren,,Ja,Nur Manuell verfügbar,,Sonstiges,systemfehler,Nein,Nein,Nein,,evtl überreagiert wegen bremsen,,"Zögern; Unabhängige Lösung ohne Fehler Aber: Zögern, sehr bewusstes Handeln und volle Konzentration; 2",,Stimme voll zu - 7,2,Stimme voll zu - 7,Stimme gar nicht zu - 1,4,Stimme gar nicht zu - 1,Stimme voll zu - 5,Stimme gar nicht zu - 1,4,Stimme gar nicht zu - 1,Stimme voll zu - 5,2,4,Stimme gar nicht zu - 1,4,Stimme voll zu - 5,6,7,6,1,3,2,4,6,1,6,7,2,7,4,2,5,3,2,4,7,2,7,1,4,4,1,"Einfache Gestaltung, übersichtliche Elemente, Redundanz über Farbe und Symbol, eindeutig","Hat mir gar nicht gefallen: Kein Ton o.ä. bei Systemfehler
War gewöhnungsbedürftig: Ich bin es vom ACC gewohnt, dass erst das System eingeschaltet und dann nochmal aktiviert werden muss. Hier war beim Einschalten das assistierte Fahren gleich aktiviert","Ein Ton oder taktiles Feedback beim Systemfehler und Übernahmeaufforderung
An das kombinierte Einschalten und Aktivieren könnte man sich vermutlich gut gewöhnen
Die Farbwahl (blau assistiert, gelb automatisiert) finde ich persönlich nicht eindeutig. Würde es eher anders herum erwartet.",,2,3,"Warum wird in der Ansage beim Wenden immer gesagt, dass man in die letzte gefahrene Automatisierungsstufe geschaltet werden soll, wenn es durch den Versuchsfahrer sowieso explizit angesagt wird?"
3,2020-08-13 15:13:00,46,de,,2020-08-13 13:34:00,2020-08-13 15:13:00,VV53,2020-08-13 00:00:00,Ma,Ri,8,27,Männlich,Mehrmals pro Monat,5.001 - 10.000 km,"Ja, ich nutze sie auch jetzt",Nein,,3,Ja,N/A,Ja,N/A,Monatlich,"VW, Mercedes, BMW",,,Nie,BMW,,,Manuelles Fahren,,Nein,,,Nein,Nein,,,Keine Probleme; Schnelles Verarbeiten;1,,Manuelles Fahren,,Ja,Automatisiert verfügbar,,Nein,Nein,,,Keine Probleme; Schnelles Verarbeiten;1,,Assistiertes Fahren,,Nein,,,Nein,Nein,Ja,nicht eindeutig,,"nur assistiert geschaltet
wusste nicht welcher modus er war
auch knöpfe unklar; wurde von mir erklärt
Zusätzlich Bügel Dikablis war im Weg","Hilfe vom Experimenter; Mehrere Fehler Massive Fehler erfordern einen Neustart der Aufgabe, Hilfe des Experimentators erforderlich; 5",,Automatisiertes Fahren,,Nein,,,Ja,Ja,,,Keine Probleme; Schnelles Verarbeiten;1,,Assistiertes Fahren,,Nein,,,Nein,Nein,Nein,,,,Keine Probleme; Schnelles Verarbeiten;1,,Assistiertes Fahren,,Ja,Automatisiert nicht mehr verfügbar,,Sensorfehler,,Nein,Nein,,,Keine Probleme; Schnelles Verarbeiten;1,,Assistiertes Fahren,,Nein,,,Nein,Nein,,,Keine Probleme; Schnelles Verarbeiten;1,,Assistiertes Fahren,,Ja,Automatisiert verfügbar,,Nein,Nein,,,Keine Probleme; Schnelles Verarbeiten;1,,Automatisiertes Fahren,,Nein,,,Ja,Ja,Nein,,,,Keine Probleme; Schnelles Verarbeiten;1,,Manuelles Fahren,,Ja,Keines verfügbar,,Weiß nicht mehr,,Nein,Nein,Ja,"erwartet system wechselt automatisch wenn er hände ans lenkrad nimmt
system soll wechseln seiner meinung nach
",,,"Hilfe vom Experimenter; Mehrere Fehler Massive Fehler erfordern einen Neustart der Aufgabe, Hilfe des Experimentators erforderlich; 5",,Automatisiertes Fahren,,Ja,Automatisiert verfügbar,,Ja,Ja,Nein,,,,Keine Probleme; Schnelles Verarbeiten;1,,Manuelles Fahren,,Ja,Automatisiert und Assistiert nicht mehr verfügbar,,Sensorfehler,,Nein,Nein,Nein,,,durch bremsen,"Zögern; Unabhängige Lösung ohne Fehler Aber: Zögern, sehr bewusstes Handeln und volle Konzentration; 2",,2,5,4,3,4,2,4,3,4,2,Stimme voll zu - 5,2,2,2,3,2,5,3,4,2,3,2,3,4,4,5,5,4,4,4,5,4,6,5,5,6,2,6,2,4,4,4,sehr minimalistische Darstellung. Keine überfrachtung des Kombidisplays,Multimodale Aufforderung wäre besser zu erkennen. Dass der Übergang von lvl 3 zu manuell erkannt wird ist eher zufall ob man gerade in das kombidisplay sieht. Botschaften was zu tun ist nicht beim ersten mal direkt eindeutig. Nach einmaligem Erklären aber sehr nachvollziehbar.,"Multimodalität einführen. 
Eindeutigere Handlungsaufforderungen 
Deutlichere Abhebung welche Modi aktuell verfügbar sind",,1,3,
4,2020-08-14 13:35:00,46,de,,2020-08-14 11:45:00,2020-08-14 13:35:00,51,2020-08-14 00:00:00,He,Ha,5,54,Weiblich,Täglich,5.001 - 10.000 km,"Ja, ich nutze sie auch jetzt",Nein,,1,Ja,N/A,N/A,N/A,Monatlich,BMW,,,,,,,Manuelles Fahren,,Nein,,,Nein,Nein,,,Keine Probleme; Schnelles Verarbeiten;1,,Manuelles Fahren,,Ja,Automatisiert verfügbar,,Nein,Nein,,,Keine Probleme; Schnelles Verarbeiten;1,,Automatisiertes Fahren,,Nein,,,Ja,Ja,Ja,richtigen knopf nicht gefunden,,"2 mal Mod bevor Fas taste, dann nochmals mehrmals mod, war sich unsicher welcher modus welcher ist",Massive Fehler; Ein oder mehrere Fehler Deutlich beeinträchtigter Operationsablauf Übermäßige Korrektur von Fehlern Keine Hilfe des Experimentators erforderlich; 4,,Automatisiertes Fahren,,Nein,,,Ja,Ja,,Übersteuert durch fas taste das System,Keine Probleme; Schnelles Verarbeiten;1,,Assistiertes Fahren,,Nein,,,Nein,Nein,Ja,schalter nicht gleich gefunden,,"mod schon gleich gefunden meiner meinung, 
zu beginn vor versuchsfahrt (ton) ansage von mir(!) ins automatisierte zu schalten, weil sie nur in assistiert war (aber war vor Ton) GRUND: Nicht mehr sicher welcher Modus welcher ist","Zögern; Unabhängige Lösung ohne Fehler Aber: Zögern, sehr bewusstes Handeln und volle Konzentration; 2",,Assistiertes Fahren,,Ja,Automatisiert nicht mehr verfügbar,,Sonstiges,systemfehler,Nein,Nein,kompliziert alles,"ins automatisierte geschalten, obwohl assistiert angesagt vor Versuchsbeginn (ton), Ansage von mir!, GRUND: Nicht mehr sicher welcher Modus welcher ist",Keine Probleme; Schnelles Verarbeiten;1,,Assistiertes Fahren,,Nein,,,Nein,Nein,,,Keine Probleme; Schnelles Verarbeiten;1,,Automatisiertes Fahren,,Ja,Automatisiert verfügbar,,Ja,Ja,,"schaltet bei reiner verfügbarkeit in automatisiert, deshalb ach die Antworten gegeben, dass sie im automatisierten fahren war",Keine Probleme; Schnelles Verarbeiten;1,,Automatisiertes Fahren,,Nein,,,Ja,Ja,Nein,,,,Keine Probleme; Schnelles Verarbeiten;1,,Manuelles Fahren,,Ja,Nur Manuell verfügbar,,Weiß nicht mehr,,Nein,Nein,Nein,,,durch fas übersteuert,Keine Probleme; Schnelles Verarbeiten;1,,Automatisiertes Fahren,,Nein,,,Ja,Ja,Nein,,,"Änderung vergessen anzugeben, aber geschaltet, deswegen auf jeden fall erkannt",Keine Probleme; Schnelles Verarbeiten;1,,Manuelles Fahren,,Ja,Nur Manuell verfügbar,,Nichts erkannt,,Nein,Nein,Ja,"weil erst notbremsen erkannt, meint deswegen hatte sie probleme",,"nicht erkannt das sensorfehler, bei notbremsung erst gebremst",Massive Fehler; Ein oder mehrere Fehler Deutlich beeinträchtigter Operationsablauf Übermäßige Korrektur von Fehlern Keine Hilfe des Experimentators erforderlich; 4,,3,5,2,4,2,3,3,3,2,2,4,3,4,3,2,3,3,3,2,5,4,2,3,2,3,4,3,5,1,3,6,2,6,4,4,4,6,4,4,4,5,4,Das automatisierte Fahren,"Immer den ständigen zusätzlichen Blick auf das Display ob Aufforderungen kommen, zu kurze Anzeigen","Die Veränderungen sollten den Fahrer mit Tönen signalisiert werden, sodass der ständige Wechsel des Blickwinkels vermindert wird. ",Nein ,5,4,
5,2020-08-15 13:05:15,46,de,1007124332,2020-08-15 11:33:22,2020-08-15 13:05:15,52,2020-08-15 00:00:00,Co,Ca,16,24,Weiblich,Täglich,10.001 - 20.000 km,Nein,Nein,,Keine Kenntnisse - 0,Nein,Nein,Nein,Ja,,,,,,,,,Manuelles Fahren,,Nein,,,Nein,Nein,,,Keine Probleme; Schnelles Verarbeiten;1,,Assistiertes Fahren,,Ja,Automatisiert verfügbar,,Ja,Ja,,"meinte bereits durch Verfügbarkeit befindet sie sich im Assistierte/Automatisierten Fahren, hat sich mit Nebenaufgabe beschäftigt","Hilfe vom Experimenter; Mehrere Fehler Massive Fehler erfordern einen Neustart der Aufgabe, Hilfe des Experimentators erforderlich; 5",,Automatisiertes Fahren,,Nein,,,Nein,Nein,Nein,,,"Hände Lenkrad sagt sie nein, wegen Aufforderung da hat sie es gemerkt,
nur 1 mal FAS meint dadurch sie ist im automatisierten Fahren,
Hands on kam und sie nahm hände ans lenkrad","Hilfe vom Experimenter; Mehrere Fehler Massive Fehler erfordern einen Neustart der Aufgabe, Hilfe des Experimentators erforderlich; 5",,Automatisiertes Fahren,,Nein,,,Ja,Ja,,"Bei 1. Ton zu Versuchsbeginn übersteuert durch Bremsen, 
Aufforderung VL Wieder in Automatisiert zu schalten (war nur Missverständnis)","Zögern; Unabhängige Lösung ohne Fehler Aber: Zögern, sehr bewusstes Handeln und volle Konzentration; 2",,Assistiertes Fahren,,Ja,Sonstiges,konnte jetzt wechseln,Nein,Nein,Nein,,,"unsicher welcher Modus was macht und in welchem Modus Sie wirklich ist.
Hat noch einmal in Automatisiert geschaltet um zu testen (Bedienfehler unsicherheit)",Massive Fehler; Ein oder mehrere Fehler Deutlich beeinträchtigter Operationsablauf Übermäßige Korrektur von Fehlern Keine Hilfe des Experimentators erforderlich; 4,,Assistiertes Fahren,,Ja,Automatisiert nicht mehr verfügbar,,Sensorfehler,,Nein,Nein,,"Hat vor Versuchsbeginn in Automatisiert geschaltet, Ansage von mir soll in assistiert schalten
Unsicherheit bei den Stufen (Anzeige vermutlich schlecht)",Massive Fehler; Ein oder mehrere Fehler Deutlich beeinträchtigter Operationsablauf Übermäßige Korrektur von Fehlern Keine Hilfe des Experimentators erforderlich; 4,,Assistiertes Fahren,,Nein,,,Nein,Nein,,hat erst mod dann fas taste gedrückt um in assistiert zu schalten. Tasten unklar.,"Kleinere Fehler; Unabhängige Lösung ohne oder mit kleineren Fehlern, die selbstbewusst korrigiert Aber: Längere Denkpausen Bewertung möglicher Arbeitsschritte; 3",,Assistiertes Fahren,,Ja,Automatisiert verfügbar,,Nein,Nein,,"hat sich mit nebenaufgabe beschäftigt, dann hands on meldung, nimmt hände ans lenkrad
wusste nicht mehr, dass nur in automatisiert nebenaufgabe benutzt werden darf","Zögern; Unabhängige Lösung ohne Fehler Aber: Zögern, sehr bewusstes Handeln und volle Konzentration; 2",,Automatisiertes Fahren,,Nein,,,Ja,Ja,Nein,,,,"Zögern; Unabhängige Lösung ohne Fehler Aber: Zögern, sehr bewusstes Handeln und volle Konzentration; 2",,Manuelles Fahren,,Ja,Keines mehr verfügbar,,Systemgrenze,,Nein,Nein,Nein,,,"sagt selber kein Problem bei wechsel, hat aber mehrmals MOD Taste dann erst FAS Taste zum übersteuern","Kleinere Fehler; Unabhängige Lösung ohne oder mit kleineren Fehlern, die selbstbewusst korrigiert Aber: Längere Denkpausen Bewertung möglicher Arbeitsschritte; 3",,Automatisiertes Fahren,,Ja,Automatisiert verfügbar,,Ja,Ja,Nein,,,,Keine Probleme; Schnelles Verarbeiten;1,,Manuelles Fahren,,Ja,Nur Manuell verfügbar,,Sensorfehler,,Nein,Nein,Nein,,,"Übersteuert durch FAS, KEINE Notbremsung","Zögern; Unabhängige Lösung ohne Fehler Aber: Zögern, sehr bewusstes Handeln und volle Konzentration; 2",,3,Stimme gar nicht zu - 1,Stimme voll zu - 7,6,4,Stimme gar nicht zu - 1,4,Stimme gar nicht zu - 1,4,Stimme gar nicht zu - 1,Stimme voll zu - 5,Stimme gar nicht zu - 1,Stimme voll zu - 5,2,3,4,5,6,3,7,2,7,6,4,2,2,6,2,7,6,7,6,2,3,5,6,2,4,2,2,2,6,"Die Umstellung in die verschiedenen Automationsstufen waren nach zweimaliger Betätigung leicht zu merken und schnell erlernt.
Die verschiedenen Automationsstufen Ansich, so ist es für jede Situation perfekt einzustellen.","In der ersten Fahrt etwas verwirrt. 
Wenn man sich im Automatisierten Fahren mit der Nebenaufgabe beschäftigt, bekommt man Übernahme Aufforderung nicht mit, außer man schaut durch Zufall auf den Display.",Evtl. Töne einbauen um Übernehme zu bemerken,,1,1,
6,2020-08-19 09:44:00,46,de,,2020-08-19 07:55:00,2020-08-19 09:44:00,53,2020-08-19 00:00:00,Ir,Ro,9,28,Männlich,Mehrmals pro Woche,5.001 - 10.000 km,Nein,Ja,Rot-Grün_Schwäche leicht,Keine Kenntnisse - 0,Ja,N/A,N/A,N/A,Wöchentlich,"BMW, VW",,,,,,,Manuelles Fahren,,Nein,,,Nein,Nein,,,Keine Probleme; Schnelles Verarbeiten;1,,Manuelles Fahren,,Ja,Automatisiert verfügbar,,Nein,Nein,,,Keine Probleme; Schnelles Verarbeiten;1,,Automatisiertes Fahren,,Nein,,,Ja,Ja,Nein,,,"zögrnd aber richtig, nimmt eine hand nicht weg","Zögern; Unabhängige Lösung ohne Fehler Aber: Zögern, sehr bewusstes Handeln und volle Konzentration; 2",,Automatisiertes Fahren,,Nein,,,Ja,Ja,,"nimmt eine hand nicht weg, obwohl er weiß dass er wegnehmen darf",Keine Probleme; Schnelles Verarbeiten;1,,Assistiertes Fahren,,Nein,,,Nein,Nein,Nein,,,"nach wechsel daumen noch am bedienelement, unsicherheit","Zögern; Unabhängige Lösung ohne Fehler Aber: Zögern, sehr bewusstes Handeln und volle Konzentration; 2",,Assistiertes Fahren,,Ja,Automatisiert nicht mehr verfügbar,,Sensorfehler,,Nein,Nein,,,Keine Probleme; Schnelles Verarbeiten;1,,Assistiertes Fahren,,Nein,,,Nein,Nein,"skala jetzt erst erkannt, kann nicht sagen ob bereits davor ausgegraut war von TC7",,Keine Probleme; Schnelles Verarbeiten;1,,Assistiertes Fahren,,Ja,Automatisiert verfügbar,,Nein,Nein,,,Keine Probleme; Schnelles Verarbeiten;1,,Automatisiertes Fahren,,Nein,,,Ja,Ja,Nein,,,schaut sehr oft auf kombidisplay in automatisierter fahrt,Keine Probleme; Schnelles Verarbeiten;1,,Manuelles Fahren,,Nein,,,,,Nein,Nein,Ja,"wollte erst durch FAS taste vermutlich nicht getroffen weil FAS war richtig, dann gebremst (eigentlicher plan war FAS Taste)",,"Skala wird nicht wahrgenommen, auch keine Änderung, nur dass man manuell Fahren soll","Zögern; Unabhängige Lösung ohne Fehler Aber: Zögern, sehr bewusstes Handeln und volle Konzentration; 2",,Automatisiertes Fahren,,Ja,Automatisiert verfügbar,,Ja,Ja,Nein,,,nimmt die linke Hand nie vom Lenkrad,Keine Probleme; Schnelles Verarbeiten;1,,Manuelles Fahren,,Ja,Nur Manuell verfügbar,,Sensorfehler,,Nein,Nein,Nein,,Bremsen übersteuert und zusätzlich eigentlich gleichzeit mit tasten und dadurch nochmals angeschaltet in assistiert,,"Kleinere Fehler; Unabhängige Lösung ohne oder mit kleineren Fehlern, die selbstbewusst korrigiert Aber: Längere Denkpausen Bewertung möglicher Arbeitsschritte; 3",,6,Stimme gar nicht zu - 1,6,Stimme gar nicht zu - 1,3,Stimme gar nicht zu - 1,4,Stimme gar nicht zu - 1,4,Stimme gar nicht zu - 1,4,Stimme gar nicht zu - 1,3,Stimme gar nicht zu - 1,3,3,5,1,4,6,3,5,5,3,3,3,4,3,5,5,5,5,4,4,3,4,3,5,3,3,3,4,"relativ intuitiv
klare Ansagen und verständliche Symbole
","bei Fehlern/Notwendigkeit wieder manuell zu übernehmen, wäre ein intensiver Warnton sinnvoll",Warnton s.o.,,1,1,
7,2020-08-19 15:04:18,46,de,238611142,2020-08-19 13:36:52,2020-08-19 15:04:18,54,2020-08-19 00:00:00,BR,GO,14,50,Männlich,Täglich,> 20.000 km,Nein,Nein,,2,Ja,Nein,Nein,Nein,Nie,Mietwagen,,,,,,,Manuelles Fahren,,Nein,,,Nein,Nein,,,Keine Probleme; Schnelles Verarbeiten;1,,Manuelles Fahren,,Ja,Assistiert und Automatisiertes Fahren verfügbar,,Nein,Nein,,,Keine Probleme; Schnelles Verarbeiten;1,,Assistiertes Fahren,,Nein,,,Nein,Nein,Nein,,,"Nur 1 mal FAS in Assitiert, dann kam hands on, nimmt hände wieder ans lenkrad, wusste auch dass er in assistiert war",Massive Fehler; Ein oder mehrere Fehler Deutlich beeinträchtigter Operationsablauf Übermäßige Korrektur von Fehlern Keine Hilfe des Experimentators erforderlich; 4,,Automatisiertes Fahren,,Nein,,,Ja,Ja,,,Keine Probleme; Schnelles Verarbeiten;1,,Assistiertes Fahren,,Nein,,,Nein,Nein,Nein,,,,Keine Probleme; Schnelles Verarbeiten;1,,Assistiertes Fahren,,Ja,Automatisiert nicht mehr verfügbar,,Sensorfehler,,Nein,Nein,,,Keine Probleme; Schnelles Verarbeiten;1,,Assistiertes Fahren,,Nein,,,Nein,Nein,,,Keine Probleme; Schnelles Verarbeiten;1,,Assistiertes Fahren,,Ja,Automatisiert verfügbar,,Nein,Nein,,,Keine Probleme; Schnelles Verarbeiten;1,,Automatisiertes Fahren,,Nein,,,Ja,Ja,Nein,,,,Keine Probleme; Schnelles Verarbeiten;1,,Manuelles Fahren,,Ja,Nur Manuell verfügbar,,Systemgrenze,,Nein,Nein,Nein,,"Sie Systemgrenze nichts vorstellen, eher auch nur aus dem Augenwickel nur erkannt, hat vorschläge wie besser (Töne)",Drück FAS Taste zum übersteuern und relativ spät,"Zögern; Unabhängige Lösung ohne Fehler Aber: Zögern, sehr bewusstes Handeln und volle Konzentration; 2",,Automatisiertes Fahren,,Ja,Automatisiert verfügbar,,Ja,Ja,Nein,,,,Keine Probleme; Schnelles Verarbeiten;1,,Manuelles Fahren,,Ja,Automatisiert nicht mehr verfügbar,,Weiß nicht mehr,,Nein,Nein,Nein,,,"Notbremsung kommt, bremst daraufhin ab","Kleinere Fehler; Unabhängige Lösung ohne oder mit kleineren Fehlern, die selbstbewusst korrigiert Aber: Längere Denkpausen Bewertung möglicher Arbeitsschritte; 3",,6,2,5,Stimme gar nicht zu - 1,4,Stimme gar nicht zu - 1,4,Stimme gar nicht zu - 1,4,2,Stimme voll zu - 5,Stimme gar nicht zu - 1,4,Stimme gar nicht zu - 1,4,Stimme voll zu - 5,6,6,3,1,2,5,6,5,2,4,6,2,6,6,4,5,2,3,2,6,2,6,2,2,3,4,"Einfach, übersichtlich, fesselnde Nebenaufgabe",Keine akustischen Warnsignale,Unbedingt Warnsignale bzw. Hinweistöne bei Status-Wechsel der Automatisierungs-Verfügbarkeit,Hinweis im Automatisierten Fahren sehr leicht zu übersehen bei Beschäftigung mit der Nebenaufgabe,1,2,
8,2020-08-19 18:03:05,46,de,1693026765,2020-08-19 16:09:30,2020-08-19 18:03:05,55,2020-08-19 00:00:00,BR,RO,20,34,Männlich,Täglich,10.001 - 20.000 km,Nein,Nein,,Keine Kenntnisse - 0,Ja,Ja,Ja,Nein,Wöchentlich,BMW / AUDI / VW,Monatlich,BMW / AUDI / VW,Monatlich,BMW / AUDI / VW,,,Manuelles Fahren,,Nein,,,Nein,Nein,,,Keine Probleme; Schnelles Verarbeiten;1,,Automatisiertes Fahren,,Ja,Automatisiert verfügbar,,Ja,Ja,,"schaltet bereits bei Verfügbarkeit in automatisiert, ohne große Probleme","Kleinere Fehler; Unabhängige Lösung ohne oder mit kleineren Fehlern, die selbstbewusst korrigiert Aber: Längere Denkpausen Bewertung möglicher Arbeitsschritte; 3",,Automatisiertes Fahren,,Nein,,,Ja,Ja,Nein,,,,"Zögern; Unabhängige Lösung ohne Fehler Aber: Zögern, sehr bewusstes Handeln und volle Konzentration; 2",,Automatisiertes Fahren,,Nein,,,Ja,Ja,,,Keine Probleme; Schnelles Verarbeiten;1,,Assistiertes Fahren,,Nein,,,Nein,Nein,Nein,,,,"Zögern; Unabhängige Lösung ohne Fehler Aber: Zögern, sehr bewusstes Handeln und volle Konzentration; 2",,Assistiertes Fahren,,Nein,,,,,Nein,Nein,,,Keine Probleme; Schnelles Verarbeiten;1,,Assistiertes Fahren,,Nein,,,Nein,Nein,,,Keine Probleme; Schnelles Verarbeiten;1,,Assistiertes Fahren,,Nein,,,Nein,Nein,,Verfügbarkeit nicht erkannt,Keine Probleme; Schnelles Verarbeiten;1,,Automatisiertes Fahren,,Nein,,,Ja,Ja,Nein,,,,Keine Probleme; Schnelles Verarbeiten;1,,Manuelles Fahren,,Nein,,,,,Nein,Nein,Nein,,,"vermutet er hätte wieder einschalten können, erst spät erkannt Fehler, dann nicht gewusst was zu tun, dann notbremsung, dann erst gebremst 
hat die Fehlermeldung nicht wirklich wahrgenommen",Massive Fehler; Ein oder mehrere Fehler Deutlich beeinträchtigter Operationsablauf Übermäßige Korrektur von Fehlern Keine Hilfe des Experimentators erforderlich; 4,,Automatisiertes Fahren,,Nein,,,Ja,Ja,Nein,,,erkennt die Änderung der Verfügbarkeit nicht für alle TCs,Keine Probleme; Schnelles Verarbeiten;1,,Manuelles Fahren,,Ja,Nur Manuell verfügbar,,Sensorfehler,,Nein,Nein,Nein,,,"wieder bis Notbremsung, dann erst gebremst","Kleinere Fehler; Unabhängige Lösung ohne oder mit kleineren Fehlern, die selbstbewusst korrigiert Aber: Längere Denkpausen Bewertung möglicher Arbeitsschritte; 3",,4,2,Stimme voll zu - 7,2,4,Stimme gar nicht zu - 1,Stimme voll zu - 5,Stimme gar nicht zu - 1,Stimme voll zu - 5,Stimme gar nicht zu - 1,Stimme voll zu - 5,Stimme gar nicht zu - 1,4,Stimme gar nicht zu - 1,4,Stimme voll zu - 5,6,7,4,1,2,4,5,6,3,2,6,2,6,4,6,6,3,4,3,6,2,6,2,2,3,6,leichte Bedienbarkeit,unauffällige Warnhinweise,"Wenn kritische Situationen auftreten, auf diese auch deutlicher aufmerksam machen",,2,2,viel Erfolg
9,2020-08-21 09:41:00,46,de,,2020-08-21 07:31:00,2020-08-21 09:41:00,56,2020-08-21 00:00:00,ED,ER,2,67,Männlich,Mehrmals pro Woche,< als 5.000 km,Nein,Nein,,2,Ja,N/A,N/A,N/A,Mehrmals täglich,Honda,,,,,,,Manuelles Fahren,,Nein,,,Nein,Nein,,,Keine Probleme; Schnelles Verarbeiten;1,,Manuelles Fahren,,Nein,,,Nein,Nein,,,Keine Probleme; Schnelles Verarbeiten;1,,Automatisiertes Fahren,,Nein,,,Nein,Nein,Nein,,,"Nur 1 mal FAS, somit nur in assistiert, Hände aber am Lenkrad, antwortet er war in automatisiert, antwortet er darf hände aber nicht wegnehmen?!, Erklärung von mir","Hilfe vom Experimenter; Mehrere Fehler Massive Fehler erfordern einen Neustart der Aufgabe, Hilfe des Experimentators erforderlich; 5",,Automatisiertes Fahren,,Nein,,,Ja,Ja,,"spielt kein SURT, vergessen oder unklar, Erklärung von mir nochmals dass er spielen kann","Zögern; Unabhängige Lösung ohne Fehler Aber: Zögern, sehr bewusstes Handeln und volle Konzentration; 2",,Assistiertes Fahren,,Ja,Sonstiges,meint er war im automatisierten,Nein,Nein,Nein,,,"er weiß nicht mehr, dass er selber in assistiert geschaltet hat, denkt dass wo hands on aufforderung kam, dass Sysrem selber gewechselt hat, hat keinen Überblick über HMI und Stufen und Anzeigen (Texte)","Kleinere Fehler; Unabhängige Lösung ohne oder mit kleineren Fehlern, die selbstbewusst korrigiert Aber: Längere Denkpausen Bewertung möglicher Arbeitsschritte; 3",,Assistiertes Fahren,,Ja,Sonstiges,nicht verstanden,Nichts erkannt,,Nein,Nein,,"sieht zwar Text, versteht ihn aber nicht, da zu kurz, somit auch keine Änderung der Verfügbarkeit erkannt, HMI zu schlecht",Keine Probleme; Schnelles Verarbeiten;1,,Assistiertes Fahren,,Nein,,,Nein,Nein,,,Keine Probleme; Schnelles Verarbeiten;1,,Assistiertes Fahren,,Ja,Automatisiert verfügbar,,Nein,Nein,,"sieht und liest verfügbarkeit, antwortet auch dementsprechend, drückt aber zu Beginn 1 mal MOD dann erst FAS um in Assistiert zu kommen","Kleinere Fehler; Unabhängige Lösung ohne oder mit kleineren Fehlern, die selbstbewusst korrigiert Aber: Längere Denkpausen Bewertung möglicher Arbeitsschritte; 3",,Automatisiertes Fahren,,Nein,,,Ja,Ja,Nein,,,"wieder MOD 2mal um in Assistiert zu kommen, dann erst FAS, auch in TC 8 mit MOD versucht, davor immer richtig gemacht ?!","Kleinere Fehler; Unabhängige Lösung ohne oder mit kleineren Fehlern, die selbstbewusst korrigiert Aber: Längere Denkpausen Bewertung möglicher Arbeitsschritte; 3",,Manuelles Fahren,,Nein,,,,,Nein,Nein,Nein,,,"nimmt nichts wahr, Notbremsung kommt, Aufforderung von mir zu Bremsen, dadurch auch Antwort keine Probleme bei Wechsel zwischen Stufen, siehe frage davor","Hilfe vom Experimenter; Mehrere Fehler Massive Fehler erfordern einen Neustart der Aufgabe, Hilfe des Experimentators erforderlich; 5",,Automatisiertes Fahren,,Nein,,,Ja,Ja,Nein,,,"sieht auf Video Verfügbarkeitsänderung sagt aber nein, Handelt aber richtig bei Durchsage, nimmt Verfügbarkeit nicht wahr oder vergessen wegen Durchsage, Problem auch bei anderen PProbanden","Zögern; Unabhängige Lösung ohne Fehler Aber: Zögern, sehr bewusstes Handeln und volle Konzentration; 2",,Manuelles Fahren,,Nein,,,,,Nein,Nein,Nein,,,"nimmt nichts wahr, Notbremsung kommt, nur auf meine Aufforderung bremst er dann, nimmt keine Verfügbarkeitsänderung wahr, deswegen auch keine Probleme bei Wechsel zu manuell","Hilfe vom Experimenter; Mehrere Fehler Massive Fehler erfordern einen Neustart der Aufgabe, Hilfe des Experimentators erforderlich; 5",,5,3,4,2,4,2,3,2,4,Stimme gar nicht zu - 1,4,2,3,Stimme gar nicht zu - 1,4,4,5,4,2,3,2,5,6,6,1,2,7,1,4,6,6,5,2,2,3,2,3,3,2,2,2,6,"Darstellung im Display

","Schriftliche Darstellung
",,,1,2,
10,2020-08-21 10:57:56,46,de,1356941308,2020-08-21 09:54:58,2020-08-21 10:57:56,57,2020-08-21 00:00:00,GE,JO,1,23,Weiblich,Täglich,5.001 - 10.000 km,"Ja, ich nutze sie jetzt nicht",Nein,,3,Ja,Nein,Ja,Nein,Wöchentlich,"Audi, BMW, VW, Mercedes",,,Täglich,"Audi, BMW",,,Manuelles Fahren,,Nein,,,Nein,Nein,,,Keine Probleme; Schnelles Verarbeiten;1,,Manuelles Fahren,,Ja,Automatisiert verfügbar,,Nein,Nein,,,Keine Probleme; Schnelles Verarbeiten;1,,Automatisiertes Fahren,,Nein,,,Nein,Nein,Nein,,,"drückt 1 mal FAS und ist in Assistiert, Antwortet sie ist in Automatisiert, hat noch Hände am Lenkrad, antwortet auch sie darf Hände nicht wegnehmen?!","Zögern; Unabhängige Lösung ohne Fehler Aber: Zögern, sehr bewusstes Handeln und volle Konzentration; 2",,Assistiertes Fahren,,Nein,,,Nein,Nein,,"unsicher welches Level sie sich befindet, Anzeige zu schlecht, spielt deshalb auch kein SURT, Erklärung von mir","Zögern; Unabhängige Lösung ohne Fehler Aber: Zögern, sehr bewusstes Handeln und volle Konzentration; 2",,Assistiertes Fahren,,Nein,,,Nein,Nein,Nein,,,,Keine Probleme; Schnelles Verarbeiten;1,,Assistiertes Fahren,,Ja,Automatisiert nicht mehr verfügbar,,Sensorfehler,,Nein,Nein,,,Keine Probleme; Schnelles Verarbeiten;1,,Assistiertes Fahren,,Nein,,,Nein,Nein,,,Keine Probleme; Schnelles Verarbeiten;1,,Assistiertes Fahren,,Ja,Automatisiert verfügbar,,Nein,Nein,,"drückt bei Ton Versuchsbeginn kurz aus, dann wieder an",Keine Probleme; Schnelles Verarbeiten;1,,Automatisiertes Fahren,,Nein,,,Ja,Ja,Nein,,,"immer 1 Hand am Lenkrad immer noch, aber volles Verständnis",Keine Probleme; Schnelles Verarbeiten;1,,Manuelles Fahren,,Nein,,,,,Nein,Nein,Nein,,,"nimmt nichts wahr, Notbremsung kommt, Aufforderung von mir zu bremsen, Frage nach Probleme bei Übersteuern hinfällig","Hilfe vom Experimenter; Mehrere Fehler Massive Fehler erfordern einen Neustart der Aufgabe, Hilfe des Experimentators erforderlich; 5",,Automatisiertes Fahren,,Ja,Automatisiert verfügbar,,Ja,Ja,Nein,,,1 Hand immer am Lenkrad,Keine Probleme; Schnelles Verarbeiten;1,,Manuelles Fahren,,Ja,Sonstiges,weiß nicht ob noch was verfügbar wäre,Sensorfehler,,Nein,Nein,Nein,,,"sieht Fehler drückt MOD, dann kommt Notbremsung, sie bremst daraufhin",Massive Fehler; Ein oder mehrere Fehler Deutlich beeinträchtigter Operationsablauf Übermäßige Korrektur von Fehlern Keine Hilfe des Experimentators erforderlich; 4,,6,2,6,2,Stimme voll zu - 5,Stimme gar nicht zu - 1,Stimme voll zu - 5,Stimme gar nicht zu - 1,4,Stimme gar nicht zu - 1,4,Stimme gar nicht zu - 1,4,4,4,4,6,7,3,1,2,7,7,6,1,2,7,1,7,6,6,6,2,4,2,6,2,6,2,2,2,7,"Das automatisierte Fahren testen, ist eine sehr hilfreiche und auch bereichernde Erfahrung.",,,,1,1,
11,2020-08-22 12:20:18,46,de,2095817457,2020-08-22 10:35:42,2020-08-22 12:20:18,58,2020-08-22 00:00:00,Er,Mi,22,24,Männlich,Täglich,10.001 - 20.000 km,Nein,Nein,,2,Nein,Nein,Nein,Ja,,,,,,,,,Manuelles Fahren,,Nein,,,Nein,Nein,,,Keine Probleme; Schnelles Verarbeiten;1,,Manuelles Fahren,,Ja,Automatisiert verfügbar,,Nein,Nein,,,Keine Probleme; Schnelles Verarbeiten;1,,Automatisiertes Fahren,,Nein,,,Ja,Ja,Nein,,,,"Zögern; Unabhängige Lösung ohne Fehler Aber: Zögern, sehr bewusstes Handeln und volle Konzentration; 2",,Automatisiertes Fahren,,Nein,,,Ja,Ja,,,Keine Probleme; Schnelles Verarbeiten;1,,Assistiertes Fahren,,Nein,,,Nein,Nein,Nein,,,,Keine Probleme; Schnelles Verarbeiten;1,,Assistiertes Fahren,,Nein,,,,,Nein,Nein,,"Unsicher ob er im assistierten auch Hände wegnehmen darf, Nachfrage und Antwort von mir",Keine Probleme; Schnelles Verarbeiten;1,,Assistiertes Fahren,,Nein,,,Nein,Nein,,,Keine Probleme; Schnelles Verarbeiten;1,,Assistiertes Fahren,,Ja,Automatisiert verfügbar,,Nein,Nein,,,Keine Probleme; Schnelles Verarbeiten;1,,Automatisiertes Fahren,,Nein,,,Ja,Ja,Nein,,,,Keine Probleme; Schnelles Verarbeiten;1,,Manuelles Fahren,,Ja,Keines mehr verfügbar,,Sonstiges,Notbremsung,Nein,Nein,Nein,,"Schlechte Warnung, soll Ton geben...","Nimmt nichts wahr, erst bei Notbremsung schaut er hin und übersteuert durch FAS","Zögern; Unabhängige Lösung ohne Fehler Aber: Zögern, sehr bewusstes Handeln und volle Konzentration; 2",,Automatisiertes Fahren,,Ja,Automatisiert verfügbar,,Ja,Ja,Nein,,,,Keine Probleme; Schnelles Verarbeiten;1,,Manuelles Fahren,,Ja,Keines mehr verfügbar,,Sensorfehler,,Nein,Nein,Ja,"hat instinktiv auf Bremse gedrückt, vielleicht nicht das beste",,FAS und gebremst,"Zögern; Unabhängige Lösung ohne Fehler Aber: Zögern, sehr bewusstes Handeln und volle Konzentration; 2",,Stimme gar nicht zu - 1,3,6,4,Stimme gar nicht zu - 1,2,4,Stimme gar nicht zu - 1,3,2,4,2,2,Stimme gar nicht zu - 1,Stimme gar nicht zu - 1,Stimme gar nicht zu - 1,5,5,3,2,2,7,7,2,2,2,7,5,6,7,7,6,7,6,3,6,2,6,1,1,1,6,"einfach gestaltetes Display, einfach verständliche Symbole","Warnhinweise brauchen Töne , sonst ist das System völlig unbenutzbar und unsicher","Warntöne, wenn Sensorfehler oder Notbremsung auftritt",,1,1,
12,2020-08-24 17:44:05,46,de,1246698016,2020-08-24 16:25:21,2020-08-24 17:44:05,59,2020-08-24 00:00:00,BO,SI,10,25,Weiblich,Mehrmals pro Monat,< als 5.000 km,"Ja, ich nutze sie auch jetzt",Nein,,1,Nein,Nein,Nein,Ja,,,,,,,,,Manuelles Fahren,,Nein,,,Nein,Nein,,,Keine Probleme; Schnelles Verarbeiten;1,,Manuelles Fahren,,Ja,Automatisiert verfügbar,,Nein,Nein,,,Keine Probleme; Schnelles Verarbeiten;1,,Automatisiertes Fahren,,Nein,,,Ja,Ja,Nein,,,"glaubt sie ist in Automatisiert, 1 mal FAS nur, spielt SURT, HOD kommt mit Pipsen sogar, dann Hände am Lenkrad, spielt SURT aber weiter","Hilfe vom Experimenter; Mehrere Fehler Massive Fehler erfordern einen Neustart der Aufgabe, Hilfe des Experimentators erforderlich; 5",,Automatisiertes Fahren,,Nein,,,Ja,Ja,,"fragt nach, ob sie wirklich im automatisierten ist, Antwort von mir","Zögern; Unabhängige Lösung ohne Fehler Aber: Zögern, sehr bewusstes Handeln und volle Konzentration; 2",,Assistiertes Fahren,,Nein,,,Nein,Nein,Nein,,,"zu beginn ausversehen 2 mal MOD dadurch in Assistiert, Ansage von mir, sehr unsicher bei wechsel zu assistiert wie wirklich gemacht werden soll","Zögern; Unabhängige Lösung ohne Fehler Aber: Zögern, sehr bewusstes Handeln und volle Konzentration; 2",,Assistiertes Fahren,,Ja,Automatisiert nicht mehr verfügbar,,Sensorfehler,,Nein,Nein,,,Keine Probleme; Schnelles Verarbeiten;1,,Assistiertes Fahren,,Nein,,,Nein,Nein,,,Keine Probleme; Schnelles Verarbeiten;1,,Assistiertes Fahren,,Ja,Automatisiert verfügbar,,Nein,Nein,,,Keine Probleme; Schnelles Verarbeiten;1,,Automatisiertes Fahren,,Nein,,,Ja,Ja,Nein,,,,Keine Probleme; Schnelles Verarbeiten;1,,Manuelles Fahren,,Ja,Automatisiert nicht mehr verfügbar,,Systemgrenze,,Nein,Nein,Nein,,,"sieht aufforderung sehr spät, überlegt lange, dann FAS Taste zum übersteuern","Zögern; Unabhängige Lösung ohne Fehler Aber: Zögern, sehr bewusstes Handeln und volle Konzentration; 2",,Automatisiertes Fahren,,Ja,Automatisiert verfügbar,,Ja,Ja,Nein,,,,Keine Probleme; Schnelles Verarbeiten;1,,Manuelles Fahren,,Nein,,,,,Nein,Nein,Nein,,,"weiß nicht wegen der Verfügbarkeit, sieht nur Notbremsung, 
Notbremsung kommt, eher zufällig gesehen dann bremst sie",Massive Fehler; Ein oder mehrere Fehler Deutlich beeinträchtigter Operationsablauf Übermäßige Korrektur von Fehlern Keine Hilfe des Experimentators erforderlich; 4,,5,2,6,2,4,2,4,2,4,2,Stimme voll zu - 5,Stimme gar nicht zu - 1,3,2,3,4,5,6,5,2,2,5,4,5,3,4,6,2,5,5,6,6,3,4,2,6,2,6,1,3,2,5,Die recht einfache Bedienung und klarer Aufbau.,Eventuell etwas schwer wichtige Benachrichtigungen (Notbremse) wirklich wahrzunehmen.,"Ein akustisches Signal im automatisierten Fahren wäre sinnvoll, damit ggf. Nachrichten auf dem Display rechtzeitig erkannt werden können.",Nein.,4,4,Nein.
13,2020-08-25 10:42:53,46,de,1996588362,2020-08-25 09:29:41,2020-08-25 10:42:53,60,2020-08-25 00:00:00,he,wo,19,18,Männlich,Täglich,5.001 - 10.000 km,Nein,Nein,,1,Ja,Nein,Ja,Nein,Täglich,"Audi, Jaguar, BMW, Citroen",,,Wöchentlich,Jaguar,,,Manuelles Fahren,,Nein,,,Nein,Nein,,,Keine Probleme; Schnelles Verarbeiten;1,,Manuelles Fahren,,Ja,Assistiert verfügbar,,Nein,Nein,,"glaubt, dass assistiert verfügbar wurde ?!",Keine Probleme; Schnelles Verarbeiten;1,,Assistiertes Fahren,,Nein,,,Nein,Nein,Nein,,,"1 mal MOD, dann nur 1 mal FAS zu Assistiert, weiß aber er ist in Assistiert...","Kleinere Fehler; Unabhängige Lösung ohne oder mit kleineren Fehlern, die selbstbewusst korrigiert Aber: Längere Denkpausen Bewertung möglicher Arbeitsschritte; 3",,Automatisiertes Fahren,,Nein,,,Ja,Ja,,,"Zögern; Unabhängige Lösung ohne Fehler Aber: Zögern, sehr bewusstes Handeln und volle Konzentration; 2",,Assistiertes Fahren,,Nein,,,Nein,Nein,Nein,,,,"Zögern; Unabhängige Lösung ohne Fehler Aber: Zögern, sehr bewusstes Handeln und volle Konzentration; 2",,Manuelles Fahren,,Ja,Automatisiert und Assistiert nicht mehr verfügbar,,Sensorfehler,,Nein,Nein,,"Drückt FAS, denkt es ist nichts mehr verfügbar, deshalb auch oben manuell angegeben bei letzter Automationsstufe","Zögern; Unabhängige Lösung ohne Fehler Aber: Zögern, sehr bewusstes Handeln und volle Konzentration; 2",,Assistiertes Fahren,,Nein,,,Nein,Nein,,,Keine Probleme; Schnelles Verarbeiten;1,,Assistiertes Fahren,,Ja,Automatisiert verfügbar,,Nein,Nein,,,Keine Probleme; Schnelles Verarbeiten;1,,Automatisiertes Fahren,,Nein,,,Ja,Ja,Nein,,,"schaut sehr oft auf straße, vorsichtig",Keine Probleme; Schnelles Verarbeiten;1,,Manuelles Fahren,,Ja,Sonstiges,nicht erkannt,Nichts erkannt,,Nein,Nein,Nein,,"erkannt Fehler nicht, da er zu schnell war sagt er","1 mal FAS zum übersteuern, nimmt keine Änderung der Verfügbarkeit wahr, Skala auch somit nicht","Zögern; Unabhängige Lösung ohne Fehler Aber: Zögern, sehr bewusstes Handeln und volle Konzentration; 2",,Automatisiertes Fahren,,Ja,Automatisiert verfügbar,,Ja,Ja,Nein,,,"bei Wechsel erst MOD, dann FAS und MOD","Kleinere Fehler; Unabhängige Lösung ohne oder mit kleineren Fehlern, die selbstbewusst korrigiert Aber: Längere Denkpausen Bewertung möglicher Arbeitsschritte; 3",,Manuelles Fahren,,Ja,Nur Manuell verfügbar,,Sensorfehler,,Nein,Nein,Nein,,,"komplett richtig, allerdings sehr vorsichtig und vorgewarnt",Keine Probleme; Schnelles Verarbeiten;1,,5,4,5,4,4,2,Stimme gar nicht zu - 1,Stimme voll zu - 5,4,2,Stimme voll zu - 5,2,4,Stimme gar nicht zu - 1,4,Stimme voll zu - 5,6,5,5,1,3,4,6,4,3,5,6,3,6,6,5,6,2,5,3,6,3,6,2,3,3,2,"einfach gehalten
Systemversagen schwer sichtbar
einfache Bedienung","Gefahrenmeldungen im Infotainmentbereich und nicht großflächig angezeigt
Möglichkeit Assistenzsysteme zu verwenden war nicht ersichtlich",Gefahrenmeldungen wie System-/Sensorversagen durch Töne/Vibration und großer Schrift signalisieren,"sehr gut zu Bedienen
Meldungen nicht leicht bei der Fahrt ersichtlich
",2,2,"für genauere Ergebnisse müsste die Simulation näher an alltägliche Situationen angepasst sein. 
Beispielsweise andere Teilnehmen, Gefahrensituationen......

Einweisung etwas schwer zu verstehen aber durch Durchsagen leichter zu Bedienen

aber interessante Studie
"
14,2020-08-25 13:31:49,46,de,712122817,2020-08-25 12:31:08,2020-08-25 13:31:48,61,2020-08-25 00:00:00,In,Be,18,26,Weiblich,Mehrmals pro Monat,< als 5.000 km,Nein,Nein,,1,Nein,Nein,Nein,Ja,,,,,,,,,Manuelles Fahren,,Nein,,,Nein,Nein,,,Keine Probleme; Schnelles Verarbeiten;1,,Manuelles Fahren,,Ja,Automatisiert verfügbar,,Nein,Nein,,,Keine Probleme; Schnelles Verarbeiten;1,,Automatisiertes Fahren,,Nein,,,Ja,Ja,Ja,unsicherheit welche Stufe sie jetzt ist,,"nur 1 mal FAS zu Assistiert, dann kommt HOD mit Ton, dann nimmt sie Hände ran, dachte wäre schon automatisiert","Hilfe vom Experimenter; Mehrere Fehler Massive Fehler erfordern einen Neustart der Aufgabe, Hilfe des Experimentators erforderlich; 5",,Automatisiertes Fahren,,Nein,,,Ja,Ja,,Erneut zu Beginn erklärt wie man ins Automatisierte kommt (hat 2 mal FAS gedrückt),Massive Fehler; Ein oder mehrere Fehler Deutlich beeinträchtigter Operationsablauf Übermäßige Korrektur von Fehlern Keine Hilfe des Experimentators erforderlich; 4,,Assistiertes Fahren,,Nein,,,Nein,Nein,Nein,,,,"Zögern; Unabhängige Lösung ohne Fehler Aber: Zögern, sehr bewusstes Handeln und volle Konzentration; 2",,Assistiertes Fahren,,Ja,Automatisiert nicht mehr verfügbar,,Sensorfehler,,Nein,Nein,,"2 mal MOD bevor FAS zu Assistiert, bereits vor Versuchston",Massive Fehler; Ein oder mehrere Fehler Deutlich beeinträchtigter Operationsablauf Übermäßige Korrektur von Fehlern Keine Hilfe des Experimentators erforderlich; 4,,Assistiertes Fahren,,Nein,,,Nein,Nein,,,"Zögern; Unabhängige Lösung ohne Fehler Aber: Zögern, sehr bewusstes Handeln und volle Konzentration; 2",,Assistiertes Fahren,,Ja,Automatisiert verfügbar,,Nein,Nein,,,Keine Probleme; Schnelles Verarbeiten;1,,Automatisiertes Fahren,,Nein,,,Ja,Ja,Nein,,,nimmt zu Beginn Hände weg bis HOD Aufforderung kommt,Keine Probleme; Schnelles Verarbeiten;1,,Manuelles Fahren,,Ja,Keines mehr verfügbar,,Systemgrenze,,Nein,Nein,Nein,,,"Drückt FAS Taste zum übersteuern, jedoch recht spät, reiner Zufall, dass sie Aufforderung sieht","Zögern; Unabhängige Lösung ohne Fehler Aber: Zögern, sehr bewusstes Handeln und volle Konzentration; 2",,Automatisiertes Fahren,,Ja,Automatisiert verfügbar,,Ja,Ja,Nein,,,,Keine Probleme; Schnelles Verarbeiten;1,,Manuelles Fahren,,Ja,Keines mehr verfügbar,,Sensorfehler,,Nein,Nein,Nein,,,"FAS-Taste zum übersteuern, sieht eher zufällig da sehr vorsichtig und erwartungsvoll, dass was passiert","Zögern; Unabhängige Lösung ohne Fehler Aber: Zögern, sehr bewusstes Handeln und volle Konzentration; 2",,2,Stimme gar nicht zu - 1,5,2,3,Stimme gar nicht zu - 1,4,2,2,Stimme gar nicht zu - 1,4,3,3,2,2,2,3,6,6,2,3,3,3,4,2,3,5,3,6,4,6,4,5,6,2,4,2,4,2,6,5,6,"unauffällig, nicht zu dominant","Kein Warnton bei Übernahmeaufforderung. Man musste zufällig auf die Anzeige schauen, um zu sehen, dass man übernehmen muss.",Warntöne bei Übernahme-Muss,,3,4,
15,2020-08-25 18:29:24,46,de,242146974,2020-08-25 17:01:53,2020-08-25 18:29:24,62,2020-08-25 00:00:00,ed,ed,20,47,Weiblich,Mehrmals pro Woche,5.001 - 10.000 km,"Ja, ich nutze sie auch jetzt",Nein,,Keine Kenntnisse - 0,Ja,Nein,Nein,Nein,Monatlich,Fiat Ducato,,,,,,,Manuelles Fahren,,Nein,,,Nein,Nein,,,Keine Probleme; Schnelles Verarbeiten;1,,Manuelles Fahren,,Ja,Automatisiert verfügbar,,Nein,Nein,,,Keine Probleme; Schnelles Verarbeiten;1,,Automatisiertes Fahren,,Nein,,,Nein,Nein,Nein,,,"1 mal FAS ist in Assistiert, glaubt ist in Automatisiert, glaubt aber auch, dass sie die Hände nicht wegnehmen darf, große Unsicherheit bzgl der Level","Hilfe vom Experimenter; Mehrere Fehler Massive Fehler erfordern einen Neustart der Aufgabe, Hilfe des Experimentators erforderlich; 5",,Automatisiertes Fahren,,Nein,,,Nein,Nein,,"Projeziert die SAE Level auf das Ego Fahrzeug, enorm Unsicher welches Level sie ist, Hände trotz Automatisiert Hände am Lenkrad","Zögern; Unabhängige Lösung ohne Fehler Aber: Zögern, sehr bewusstes Handeln und volle Konzentration; 2",,Assistiertes Fahren,,Nein,,,Nein,Nein,Nein,,,"2 mal FAS um in Assistiert zu kommen, nimmt bei Automatisiert die Hand nicht weg, kennt namen der Level nicht gut","Kleinere Fehler; Unabhängige Lösung ohne oder mit kleineren Fehlern, die selbstbewusst korrigiert Aber: Längere Denkpausen Bewertung möglicher Arbeitsschritte; 3",,Assistiertes Fahren,,Ja,Sonstiges,Assistiert nicht mehr verfügbar,Sensorfehler,,Nein,Nein,,"glaubt Fehler hat angezeigt, dass Assistiert nicht mehr verfügbar ist und es geht trotzdem",Massive Fehler; Ein oder mehrere Fehler Deutlich beeinträchtigter Operationsablauf Übermäßige Korrektur von Fehlern Keine Hilfe des Experimentators erforderlich; 4,,Assistiertes Fahren,,Nein,,,Nein,Nein,,Frage zur Verfügbarkeit verwirrt Sie,Keine Probleme; Schnelles Verarbeiten;1,,Automatisiertes Fahren,,Ja,Automatisiert verfügbar,,Ja,Ja,,"schaltet bei reiner Verfügbarkeit, aber alles richtig, Antwortet auch auf Fragen richtig","Zögern; Unabhängige Lösung ohne Fehler Aber: Zögern, sehr bewusstes Handeln und volle Konzentration; 2",,Automatisiertes Fahren,,Nein,,,Ja,Ja,Nein,,,"nimmt zum 1 mal die Hand weg, evtl mehr vertrauen","Zögern; Unabhängige Lösung ohne Fehler Aber: Zögern, sehr bewusstes Handeln und volle Konzentration; 2",,Manuelles Fahren,,Nein,,,,,Nein,Nein,Nein,,,"überhaupt nichts wahrgenommen, Notbremsung kommt, Aufforderung von mir zu bremsen, nimmt keine Verfügbarkeitsändernug war, Frage nach Problem bei wechsel sinnlos (Nein von mir)","Hilfe vom Experimenter; Mehrere Fehler Massive Fehler erfordern einen Neustart der Aufgabe, Hilfe des Experimentators erforderlich; 5",,Automatisiertes Fahren,,Ja,Automatisiert verfügbar,,Ja,Ja,Nein,,,,"Zögern; Unabhängige Lösung ohne Fehler Aber: Zögern, sehr bewusstes Handeln und volle Konzentration; 2",,Manuelles Fahren,,Ja,Keines mehr verfügbar,,Sensorfehler,,Nein,Nein,Nein,,,"brutal vorgewarnt, sieht den Fehler dadurch, drückt FAS Taste zum übersteuern","Zögern; Unabhängige Lösung ohne Fehler Aber: Zögern, sehr bewusstes Handeln und volle Konzentration; 2",,2,4,6,3,2,3,Stimme voll zu - 5,Stimme gar nicht zu - 1,3,3,2,Stimme gar nicht zu - 1,Stimme voll zu - 5,2,2,2,5,5,3,1,4,6,6,5,3,4,6,4,7,4,7,4,4,6,4,4,6,4,4,3,3,4,Die Erfahrung in solch eine Fahrzeug zu sitzen und das Gefühl vom Fahrzeug geführt zu werden.,"die Hinweise waren nur im Display sichtbar, nicht aber als akustischer Ton. Wäre gut, wenn man hier etwas dazu schalten kann.",Akustische Signale oder anderweitige besser sichtbare Hinweise,,1,1,
16,2020-08-26 11:17:12,46,de,611002604,2020-08-26 09:49:09,2020-08-26 11:17:12,63,2020-08-26 00:00:00,Ve,Ru,22,52,Männlich,Täglich,10.001 - 20.000 km,"Ja, ich nutze sie jetzt nicht",Nein,,2,Ja,Ja,Ja,Nein,Wöchentlich,BMW Audi,Wöchentlich,Mercedes BMW Audi,Nie,Mercedes BMW Audi,,,Manuelles Fahren,,Nein,,,N/A,Nein,,,Keine Probleme; Schnelles Verarbeiten;1,,Assistiertes Fahren,,Nein,,,Nein,Nein,,"schaltet mit FAs in Assistiert bei reiner Verfügabrkeit, Spielt SURT, HOD kommt mit Pips, dann Hände am Lenkrad, und das ganze nochmal gemacht, antwortet aber er ist nur in 1 stufe...
sagt nimmt keine Verfügbarkeit wahr, obwohl er schaltet, wieder mal verständigunngsproblem","Hilfe vom Experimenter; Mehrere Fehler Massive Fehler erfordern einen Neustart der Aufgabe, Hilfe des Experimentators erforderlich; 5",,Automatisiertes Fahren,,Nein,,,Ja,Ja,Nein,,,"kein Probleme bei wechsel, da Erklärung von mir zuvor","Zögern; Unabhängige Lösung ohne Fehler Aber: Zögern, sehr bewusstes Handeln und volle Konzentration; 2",,Automatisiertes Fahren,,Nein,,,Ja,Ja,,,Keine Probleme; Schnelles Verarbeiten;1,,Assistiertes Fahren,,Nein,,,Nein,Nein,Nein,,,"Probleme mit frage nach Verfügbarkeit, wie viele andere auch schon","Zögern; Unabhängige Lösung ohne Fehler Aber: Zögern, sehr bewusstes Handeln und volle Konzentration; 2",,Assistiertes Fahren,,Ja,Sonstiges,"assistiert nicht verfügbar seiner Meinung, geht aber trotzdem findet er komisch",Sensorfehler,,Nein,Nein,,"glaubt assistiert nicht mehr verfügbar, verwirrt dass kein ton kommt oder ähnliches, bleibt in der Stufe deshalb auch",Keine Probleme; Schnelles Verarbeiten;1,,Assistiertes Fahren,,Nein,,,Nein,Nein,,,Keine Probleme; Schnelles Verarbeiten;1,,Automatisiertes Fahren,,Ja,Automatisiert verfügbar,,Ja,Ja,,"bei reiner Verfügbarkeit geschaltet, aber richtig, antwortet auch richtig, man muss leute dann im glauben lassen es bringt nichts zu sagen bei reiner Verfügbarkeit schalten","Zögern; Unabhängige Lösung ohne Fehler Aber: Zögern, sehr bewusstes Handeln und volle Konzentration; 2",,Automatisiertes Fahren,,Nein,,,Ja,Ja,Nein,,,schaltet bereits bei TC8 in automatisiert,Keine Probleme; Schnelles Verarbeiten;1,,Manuelles Fahren,,Ja,Keines mehr verfügbar,,Systemgrenze,,Nein,Nein,Ja,sagt selber drückt erst MOD dann weiß er dass er FAS drücken soll/muss,,"zufällig gesehen, bisschen Button smashing, aber dann korrekt, MOD, MOD, FAS, FAS, FAS ?!","Kleinere Fehler; Unabhängige Lösung ohne oder mit kleineren Fehlern, die selbstbewusst korrigiert Aber: Längere Denkpausen Bewertung möglicher Arbeitsschritte; 3",,Automatisiertes Fahren,,Ja,Automatisiert verfügbar,,Ja,Ja,Nein,,,,Keine Probleme; Schnelles Verarbeiten;1,,Manuelles Fahren,,Ja,Keines mehr verfügbar,,Sonstiges,systemfehler,Nein,Nein,Nein,,,"übersteuert mit 1 mal FAS, schaut sehr oft rüber",Keine Probleme; Schnelles Verarbeiten;1,,3,6,2,6,2,4,4,Stimme gar nicht zu - 1,3,3,Stimme gar nicht zu - 1,2,3,2,4,4,3,5,6,2,1,5,7,2,1,2,7,1,2,4,7,7,1,3,2,7,6,4,1,1,2,7,,"System veraltet im vergleich zu den in aktuellen Autos verbauten Systemen 
Keine Akustische Unterstützung
Keine Visuelle Unterstützung",Akustische und Visuelle Unterstützung für den Fahrer,,1,2,Alles Gut !
19,2020-08-28 14:51:16,46,de,1595127533,2020-08-28 13:29:08,2020-08-28 14:51:16,65,2020-08-28 00:00:00,K,T,7,22,Männlich,Mehrmals pro Woche,10.001 - 20.000 km,Nein,Nein,,Keine Kenntnisse - 0,Nein,Nein,Nein,Ja,,,,,,,,,Manuelles Fahren,,Nein,,,Nein,Nein,,,Keine Probleme; Schnelles Verarbeiten;1,,Manuelles Fahren,,Ja,Automatisiert verfügbar,,Nein,Nein,,,Keine Probleme; Schnelles Verarbeiten;1,,Assistiertes Fahren,,Nein,,,Nein,Nein,Ja,"bisschen, erst MOD taste, dann war klar",,"2 mal MOD, dann FAS, weiß aber dass er nur in assistiert ist also das ist eigentlich richtig","Hilfe vom Experimenter; Mehrere Fehler Massive Fehler erfordern einen Neustart der Aufgabe, Hilfe des Experimentators erforderlich; 5",,Automatisiertes Fahren,,Nein,,,Ja,Ja,,,Keine Probleme; Schnelles Verarbeiten;1,,Assistiertes Fahren,,Nein,,,Nein,Nein,Nein,,,,Keine Probleme; Schnelles Verarbeiten;1,,Assistiertes Fahren,,Ja,Automatisiert nicht mehr verfügbar,,Sensorfehler,,Nein,Nein,,"kurz in automatisiert geschaltet, aber sofort korrigiert, zuckt kurz bei Sensorfehler ob er handeln muss",Keine Probleme; Schnelles Verarbeiten;1,,Assistiertes Fahren,,Nein,,,Nein,Nein,,,Keine Probleme; Schnelles Verarbeiten;1,,Assistiertes Fahren,,Ja,Automatisiert verfügbar,,Nein,Nein,,,Keine Probleme; Schnelles Verarbeiten;1,,Automatisiertes Fahren,,Nein,,,Ja,Ja,Nein,,,,Keine Probleme; Schnelles Verarbeiten;1,,Manuelles Fahren,,Ja,Sonstiges,nichts wahrgenommen,Systemgrenze,,Nein,Nein,Nein,,,"spielt konzentriert, sieht aber Aufforderung, handelt aber nicht,
Liest NICHT wechseln sie zu manuelles Fahren!!!!","Hilfe vom Experimenter; Mehrere Fehler Massive Fehler erfordern einen Neustart der Aufgabe, Hilfe des Experimentators erforderlich; 5",,Automatisiertes Fahren,,Ja,Automatisiert verfügbar,,Ja,Ja,Nein,,,Änderung Verfügbarkeit auf Nachfrage doch gesehen!!,Keine Probleme; Schnelles Verarbeiten;1,,Manuelles Fahren,,Ja,Sonstiges,nichts gesehen,Sonstiges,systemfehler,Nein,Nein,Ja,"realisiert, dass selber übernehmen ja, aber die reaktion war hände ans lenkrad, wusste aber nicht wirklich wie kontrolle zu übernehmen",,"sieht es spät, dann stress, dann MOD dann Notbremsung kommt, dann bremsen",Massive Fehler; Ein oder mehrere Fehler Deutlich beeinträchtigter Operationsablauf Übermäßige Korrektur von Fehlern Keine Hilfe des Experimentators erforderlich; 4,,6,3,3,4,2,2,4,Stimme gar nicht zu - 1,3,2,3,2,2,Stimme gar nicht zu - 1,2,2,5,5,5,2,4,4,3,3,3,5,4,3,3,3,4,3,5,5,5,4,5,4,2,5,5,4,optisch klar getrennt zwischen Assistiertem und Automatischem fahren,"keine Akustischen Meldungen des Systems selbst (bei Warnungen/Verfügbarkeiten), Meldungen waren auf der Rechten Seite des Displays - gegenüberliegend vom Tacho, auf den man schaut","- akustische Meldungen für Warnungen und Hinweise/Verfügbarkeiten
- Meldungen z.B. oben mittig im Display anzeigen lassen, dort sieht man sie (wenn man auf die Straße schaut) auch eher aus dem Augenwinkel","hat Spaß gemacht, das mal zu testen; leider eine Fehlbedienung von meiner seits",2,2,/
20,2020-08-29 11:37:54,46,de,1829280311,2020-08-29 10:00:34,2020-08-29 11:37:54,66,2020-08-29 00:00:00,EL,RU,5,70,Weiblich,Mehrmals pro Woche,5.001 - 10.000 km,"Ja, ich nutze sie auch jetzt",Nein,,Keine Kenntnisse - 0,Ja,Nein,Nein,Nein,Nie,Mercedes,,,,,,,Manuelles Fahren,,Nein,,,Nein,Nein,,,Keine Probleme; Schnelles Verarbeiten;1,,Manuelles Fahren,,Ja,Automatisiert verfügbar,,Nein,Nein,,,Keine Probleme; Schnelles Verarbeiten;1,,Automatisiertes Fahren,,Nein,,,Ja,Ja,Nein,,,"1 mal FAS in Assistiert, glaubt ist in Automatisiert nimmt auch Hände weg, HOD kommt, nimmt Hände aber nicht wirklich ran (Versuch vorbei), Erklärung von mir","Hilfe vom Experimenter; Mehrere Fehler Massive Fehler erfordern einen Neustart der Aufgabe, Hilfe des Experimentators erforderlich; 5",,Automatisiertes Fahren,,Nein,,,Ja,Ja,,,"Zögern; Unabhängige Lösung ohne Fehler Aber: Zögern, sehr bewusstes Handeln und volle Konzentration; 2",,Assistiertes Fahren,,Nein,,,Nein,Nein,Nein,,,"nimmt Hände bei Assistiert auch weg, ziemlich unsicher, HOD kommt aber erst bei Pips Ton nimmt Sie Hände ran, Erklärung von mir nochmal","Zögern; Unabhängige Lösung ohne Fehler Aber: Zögern, sehr bewusstes Handeln und volle Konzentration; 2",,Assistiertes Fahren,,Ja,Automatisiert nicht mehr verfügbar,,Sensorfehler,,Nein,Nein,,,Keine Probleme; Schnelles Verarbeiten;1,,Assistiertes Fahren,,Nein,,,Nein,Nein,,,Keine Probleme; Schnelles Verarbeiten;1,,Assistiertes Fahren,,Ja,Automatisiert verfügbar,,Nein,Nein,,,Keine Probleme; Schnelles Verarbeiten;1,,Automatisiertes Fahren,,Nein,,,Ja,Ja,Nein,,,"spielt sehr zögerlich nur den SURT, bisschen misstrauisch und vorsichtig, denke Vertrauen nicht sehr groß",Keine Probleme; Schnelles Verarbeiten;1,,Manuelles Fahren,,Ja,Keines mehr verfügbar,,Systemgrenze,,Nein,Nein,Nein,,,"liest Fehler macht aber nichts, Notbremsung kommt, Ansage bon mir zu bremsen, Handelt nicht weil sie nicht sicher war, ob explizite Aufforderung, Bei Nachfrage hätte mit MOD dann FAS übersteuert!!","Hilfe vom Experimenter; Mehrere Fehler Massive Fehler erfordern einen Neustart der Aufgabe, Hilfe des Experimentators erforderlich; 5",,Automatisiertes Fahren,,Nein,,,Ja,Ja,Nein,,,"keine Änderung wahrgenommen, denke aber wie schon sehr oft, geht unter wegen der Durchsage!!",Keine Probleme; Schnelles Verarbeiten;1,,Manuelles Fahren,,Ja,Keines mehr verfügbar,,Sensorfehler,,Nein,Nein,Nein,,,"schaut sehr viel auf Kombidisplay, nimmt nur Hände ans Lenkrad, dann kommt Notbremsung bremst dann",Massive Fehler; Ein oder mehrere Fehler Deutlich beeinträchtigter Operationsablauf Übermäßige Korrektur von Fehlern Keine Hilfe des Experimentators erforderlich; 4,,6,2,6,2,4,2,4,2,4,Stimme gar nicht zu - 1,3,Stimme gar nicht zu - 1,Stimme voll zu - 5,2,4,4,6,6,4,2,4,4,6,4,4,4,6,2,5,4,6,6,2,3,4,6,3,4,3,4,4,6,"Anzeigen übersichtlich, leicht zu verstehen und handzuhaben","Befehle nicht gleich verständlich (Bei Fehlermeldungen),", Unterschiedliche Töne bei Fehlermeldung oder Hinweise von System,,1,1,
21,2020-09-03 14:08:45,46,de,1523287819,2020-09-03 13:01:44,2020-09-03 14:08:45,67,2020-09-03 00:00:00,Bi,Er,22,20,Männlich,Mehrmals pro Monat,< als 5.000 km,"Ja, ich nutze sie auch jetzt",Nein,,Keine Kenntnisse - 0,Ja,Nein,Nein,Nein,Monatlich,Audi,,,,,,,Manuelles Fahren,,Nein,,,Nein,Nein,,,Keine Probleme; Schnelles Verarbeiten;1,,Manuelles Fahren,,Ja,Sonstiges,keine Ahnung was verfügbar wurde nut gelesen das was verfügbar ist,Nein,Nein,,keine Ahnung was verfügbar wurde,Keine Probleme; Schnelles Verarbeiten;1,,Automatisiertes Fahren,,Nein,,,Ja,Nein,Nein,,,"1 mal FAS, keine Ahnung welcher Modus er ist, HOD kommt und nimmt er nicht wahr, Ende der Fahrt, widersprüchliche Angaben bei was er darf und nicht","Hilfe vom Experimenter; Mehrere Fehler Massive Fehler erfordern einen Neustart der Aufgabe, Hilfe des Experimentators erforderlich; 5",,Automatisiertes Fahren,,Nein,,,Ja,Nein,,"nimmt Hand nicht weg und spielt kein SURT, erst später die Hand weg, glaubt er darf keine Email beantworten deshalb auch kein Spiel, Erklärung nochmals von mir, deshalb auch die widersprüchlichen Angaben bei TC3","Zögern; Unabhängige Lösung ohne Fehler Aber: Zögern, sehr bewusstes Handeln und volle Konzentration; 2",,Assistiertes Fahren,,Nein,,,Nein,Nein,Nein,,,,Keine Probleme; Schnelles Verarbeiten;1,,Automatisiertes Fahren,,Ja,Automatisiert nicht mehr verfügbar,,Sensorfehler,,Nein,Nein,,,Keine Probleme; Schnelles Verarbeiten;1,,Automatisiertes Fahren,,Nein,,,Nein,Nein,,,Keine Probleme; Schnelles Verarbeiten;1,,Assistiertes Fahren,,Ja,Automatisiert verfügbar,,Nein,Nein,,,Keine Probleme; Schnelles Verarbeiten;1,,Automatisiertes Fahren,,Nein,,,Ja,Ja,Nein,,,,Keine Probleme; Schnelles Verarbeiten;1,,Manuelles Fahren,,Ja,Keines mehr verfügbar,,Systemgrenze,,Nein,Nein,Nein,,,"liest es zufällig, macht aber nichts!, erst bei Notbremsung bremst er, auf Nachfrage: war sich unsicher, ob es eine explizite Aufforderung ist!",Massive Fehler; Ein oder mehrere Fehler Deutlich beeinträchtigter Operationsablauf Übermäßige Korrektur von Fehlern Keine Hilfe des Experimentators erforderlich; 4,,Automatisiertes Fahren,,Ja,Automatisiert verfügbar,,Ja,Ja,Nein,,,,Keine Probleme; Schnelles Verarbeiten;1,,Manuelles Fahren,,Ja,Keines mehr verfügbar,,Sensorfehler,,Nein,Nein,Nein,,,1 mal FAS ist sehr vorgewarnt,Keine Probleme; Schnelles Verarbeiten;1,,5,2,5,5,3,Stimme gar nicht zu - 1,4,Stimme gar nicht zu - 1,Stimme voll zu - 5,Stimme gar nicht zu - 1,4,Stimme gar nicht zu - 1,3,4,4,4,6,5,2,4,3,7,6,4,3,2,6,2,3,5,7,6,3,4,2,6,2,3,2,2,3,7,Möglichkeit ohne Aufpassen zu Fahren,,Größere Fehlermeldungsanzeige,,4,4,
22,2020-09-03 17:24:37,46,de,497797318,2020-09-03 16:07:19,2020-09-03 17:24:37,68,2020-09-03 00:00:00,XU,HU,28,43,Männlich,Mehrmals pro Woche,10.001 - 20.000 km,Nein,Nein,,2,Ja,Nein,Nein,Nein,Monatlich,Mercedes-Benz,,,,,,,Manuelles Fahren,,Nein,,,Nein,Nein,,,Keine Probleme; Schnelles Verarbeiten;1,,Manuelles Fahren,,Ja,Assistiert verfügbar,,Nein,Nein,,"glaubt assistiert wurde verfügbar, weiß es aber auch nicht mehr wirklich, sprachliche Barriere evtl.",Keine Probleme; Schnelles Verarbeiten;1,,Assistiertes Fahren,,Nein,,,Nein,Nein,Nein,,,"MOD, FAS, nimmt Hände vom Lenkrad, HOD kommt, nimmt Hand wieder ran, wusste er ist nur im Assistierten Fahren","Hilfe vom Experimenter; Mehrere Fehler Massive Fehler erfordern einen Neustart der Aufgabe, Hilfe des Experimentators erforderlich; 5",,Automatisiertes Fahren,,Nein,,,Ja,Ja,,"Frage nach Änderung der Verfügbarkeit sinnlos, Erklärt mir die Farben des Egofahrzeugs und das HOD in TC 3 kam","Zögern; Unabhängige Lösung ohne Fehler Aber: Zögern, sehr bewusstes Handeln und volle Konzentration; 2",,Assistiertes Fahren,,Nein,,,Nein,Nein,Nein,,,"2 mal FAS um in Assistiert zu kommen, Änderung der Verfügbarkeit Erklärung nochmal versucht...","Kleinere Fehler; Unabhängige Lösung ohne oder mit kleineren Fehlern, die selbstbewusst korrigiert Aber: Längere Denkpausen Bewertung möglicher Arbeitsschritte; 3",,Assistiertes Fahren,,Ja,Automatisiert nicht mehr verfügbar,,Sensorfehler,,Nein,Nein,,Frage nach Verfügbarkeit zumindest hier verstanden,Keine Probleme; Schnelles Verarbeiten;1,,Assistiertes Fahren,,Nein,,,Nein,Nein,,,Keine Probleme; Schnelles Verarbeiten;1,,Assistiertes Fahren,,Ja,Automatisiert verfügbar,,Nein,Nein,,,Keine Probleme; Schnelles Verarbeiten;1,,Automatisiertes Fahren,,Nein,,,Ja,Ja,Nein,,,,"Zögern; Unabhängige Lösung ohne Fehler Aber: Zögern, sehr bewusstes Handeln und volle Konzentration; 2",,Manuelles Fahren,,Ja,Keines mehr verfügbar,,Systemgrenze,,Nein,Nein,Nein,,"nein weil er es gemerkt hat, sonst schon, spielt darauf an, dass es vermutlich zufall war, dass er es sah","zu Beginn mehrfach MOD bevor FAS und MOD um in Automatisiert zu kommen, liest Fehlermeldung, dann mit FAS vorsichtig übersteuert","Zögern; Unabhängige Lösung ohne Fehler Aber: Zögern, sehr bewusstes Handeln und volle Konzentration; 2",,Automatisiertes Fahren,,Nein,,,Ja,Ja,Nein,,,vergisst wie viele andere auch schon dass es eine Verfügbarkeitsanzeige gab,"Zögern; Unabhängige Lösung ohne Fehler Aber: Zögern, sehr bewusstes Handeln und volle Konzentration; 2",,Manuelles Fahren,,Ja,Sonstiges,"nicht gesehen, ob noch was verfügbar wäre",Sensorfehler,,Nein,Nein,Nein,,,"zu Beginn MOD, FAS, MOD; Als Fehler kam überlegt er dann ganz kurz blinkt Notbremsung auf so dass er es aber nicht sieht und drückt die FAS Taste zum Übersteuern","Zögern; Unabhängige Lösung ohne Fehler Aber: Zögern, sehr bewusstes Handeln und volle Konzentration; 2",,Stimme voll zu - 7,Stimme gar nicht zu - 1,6,Stimme gar nicht zu - 1,Stimme voll zu - 5,Stimme gar nicht zu - 1,Stimme voll zu - 5,Stimme gar nicht zu - 1,Stimme voll zu - 5,Stimme gar nicht zu - 1,Stimme voll zu - 5,Stimme gar nicht zu - 1,Stimme voll zu - 5,Stimme gar nicht zu - 1,Stimme voll zu - 5,Stimme voll zu - 5,7,7,1,1,1,7,7,7,1,3,7,1,7,6,7,7,1,1,1,7,1,7,1,1,1,7,Mann könnte neben Fahren auch spielen. Es ist für mich genial!,Bei der Anzeige von Problemen der automatisierten Fahren liebe eher eine Tonsignal!,,,1,2,
23,2020-09-14 09:34:31,46,de,1773618068,2020-09-14 08:19:43,2020-09-14 09:34:31,69,2020-09-14 00:00:00,GE,HA,23,29,Männlich,Mehrmals pro Woche,5.001 - 10.000 km,Nein,Nein,,1,Nein,Nein,Nein,Ja,,,,,,,,,Manuelles Fahren,,Nein,,,Nein,Nein,,"weiß nicht wie die erste stufe heißt also manuell, erklärung von mir",Keine Probleme; Schnelles Verarbeiten;1,,Manuelles Fahren,,Ja,Automatisiert verfügbar,,Nein,Nein,,,Keine Probleme; Schnelles Verarbeiten;1,,Automatisiertes Fahren,,Nein,,,Ja,Ja,Nein,,,3 mal FAS dann MOD in Automatisiert,"Kleinere Fehler; Unabhängige Lösung ohne oder mit kleineren Fehlern, die selbstbewusst korrigiert Aber: Längere Denkpausen Bewertung möglicher Arbeitsschritte; 3",,Automatisiertes Fahren,,Nein,,,Ja,Ja,,,Keine Probleme; Schnelles Verarbeiten;1,,Assistiertes Fahren,,Nein,,,Nein,Nein,Nein,,,,Keine Probleme; Schnelles Verarbeiten;1,,Assistiertes Fahren,,Ja,Automatisiert nicht mehr verfügbar,,Sensorfehler,,Nein,Nein,,"immer wieder mal hände kurz weg, aber nicht der rede wert",Keine Probleme; Schnelles Verarbeiten;1,,Assistiertes Fahren,,Nein,,,Nein,Nein,,,Keine Probleme; Schnelles Verarbeiten;1,,Assistiertes Fahren,,Ja,Automatisiert verfügbar,,Nein,Nein,,,Keine Probleme; Schnelles Verarbeiten;1,,Automatisiertes Fahren,,Nein,,,Ja,Ja,Nein,,,,Keine Probleme; Schnelles Verarbeiten;1,,Manuelles Fahren,,Ja,Nur Manuell verfügbar,,Systemgrenze,,Nein,Nein,Nein,,Keine Ahnung was Systemgrenze sein soll,"Fragt, ob er selber schalten soll, Ja von mir, dann FAS Taste","Zögern; Unabhängige Lösung ohne Fehler Aber: Zögern, sehr bewusstes Handeln und volle Konzentration; 2",,Automatisiertes Fahren,,Nein,,,Ja,Ja,Nein,,,"Ist sich nicht sicher, ob die Änderung der Verfügbarkeit in der Fahrt oder der vorherigen war, deshalb von mir NEIN ausgewählt",Keine Probleme; Schnelles Verarbeiten;1,,Manuelles Fahren,,Ja,Nur Manuell verfügbar,,Sensorfehler,,Nein,Nein,Nein,,,FAS zum Übersteuern,"Zögern; Unabhängige Lösung ohne Fehler Aber: Zögern, sehr bewusstes Handeln und volle Konzentration; 2",,6,2,6,Stimme gar nicht zu - 1,Stimme voll zu - 5,2,Stimme voll zu - 5,Stimme gar nicht zu - 1,3,2,4,2,Stimme voll zu - 5,Stimme gar nicht zu - 1,Stimme voll zu - 5,Stimme voll zu - 5,6,7,4,1,2,3,6,6,2,3,6,2,5,6,5,6,2,3,2,6,3,5,4,3,2,4,Klare Farbgebung bei aktuell verwendeten Modus,"Wording nicht eindeutig, verwirrend (Systemgrenze???)
Zu wenig Hinweis auf Ausfall des Systems (evtl Farbe oder Piepton)","Design etwas verwirrend. Gerade beim Ausfall des Systems nicht klar. Deutlicher kommunizieren.
",,2,1,Sehr schöne Studie.
24,2020-09-15 12:08:53,46,de,1377939524,2020-09-15 10:10:20,2020-09-15 12:08:53,70,2020-09-15 00:00:00,EL,WA,31,73,Männlich,Mehrmals pro Woche,10.001 - 20.000 km,Nein,Ja,Farbschwach,2,Ja,Ja,Ja,Nein,Wöchentlich,Audi,Wöchentlich,Audi,Nie,Audi,,,Manuelles Fahren,,Nein,,,Nein,Nein,,,"Zögern; Unabhängige Lösung ohne Fehler Aber: Zögern, sehr bewusstes Handeln und volle Konzentration; 2",,Manuelles Fahren,,Ja,Automatisiert verfügbar,,Nein,Nein,,,Keine Probleme; Schnelles Verarbeiten;1,,Sonstiges,nicht sicher,Nein,,,N/A,N/A,Ja,Wusste nicht welcher knopf für was ist,,"1 mal FAS, sich nicht sicher welcher Modus er sich befindet, deswegen auch antworten zu Hände am Lenkrad und Email keine Antwort, keine Mode Awareness","Hilfe vom Experimenter; Mehrere Fehler Massive Fehler erfordern einen Neustart der Aufgabe, Hilfe des Experimentators erforderlich; 5",,Automatisiertes Fahren,,Nein,,,Ja,Ja,,Frage nach Verfügbarkeit bisschen zäh,"Zögern; Unabhängige Lösung ohne Fehler Aber: Zögern, sehr bewusstes Handeln und volle Konzentration; 2",,Assistiertes Fahren,,Nein,,,Ja,Nein,Ja,Wegen 2 mal FAS und deaktivieren,,"sehr vorsichtig in automatisierter Fahrt!, 2 mal FAS um in Assistiert zu kommen, ansagevon mir nochmal, dass er in Assitiert schalten soll nachdem er 1 mal FAS nur drückte, Zusätzlich nach falscher Antwort Erklärung Hände immer am Lenkrad bei Assistierter Fahrt, nimmt auch Hände weg, HOD kommt aber nicht",Massive Fehler; Ein oder mehrere Fehler Deutlich beeinträchtigter Operationsablauf Übermäßige Korrektur von Fehlern Keine Hilfe des Experimentators erforderlich; 4,,Assistiertes Fahren,,Ja,Automatisiert nicht mehr verfügbar,,Sensorfehler,,Nein,Nein,,,Keine Probleme; Schnelles Verarbeiten;1,,Assistiertes Fahren,,Nein,,,Nein,Nein,,,Keine Probleme; Schnelles Verarbeiten;1,,Assistiertes Fahren,,Ja,Automatisiert verfügbar,,Nein,Nein,,,Keine Probleme; Schnelles Verarbeiten;1,,Automatisiertes Fahren,,Nein,,,Ja,Ja,Nein,,,,"Zögern; Unabhängige Lösung ohne Fehler Aber: Zögern, sehr bewusstes Handeln und volle Konzentration; 2",,Manuelles Fahren,,Ja,Sonstiges,"nicht wahrgenommen, ob noch was verfügbar wäre",Systemgrenze,,Nein,Nein,Nein,,,"1 mal FAS, liest davor sehr genau, zögernd, weiß nicht ob noch was verfügbar wäre","Zögern; Unabhängige Lösung ohne Fehler Aber: Zögern, sehr bewusstes Handeln und volle Konzentration; 2",,Automatisiertes Fahren,,Ja,Automatisiert verfügbar,,Ja,Ja,Nein,,,,Keine Probleme; Schnelles Verarbeiten;1,,Manuelles Fahren,,Ja,Sonstiges,nichts wahrgenommen,Sonstiges,Systemfehler,Nein,Nein,Nein,,,"sieht Fehlermeldung, nimmt aber nur Hände ans Lenkrad, Notbremsung kommt, Ansage von mir zu bremsen, Frage nach Probleme bei Wechsel sinnlos weil Ansage von mir","Hilfe vom Experimenter; Mehrere Fehler Massive Fehler erfordern einen Neustart der Aufgabe, Hilfe des Experimentators erforderlich; 5",,5,2,6,2,4,Stimme gar nicht zu - 1,Stimme voll zu - 5,Stimme gar nicht zu - 1,4,Stimme gar nicht zu - 1,4,Stimme gar nicht zu - 1,Stimme voll zu - 5,2,3,4,6,6,4,1,2,4,7,6,2,3,6,1,7,4,6,6,2,4,2,6,1,6,2,2,4,6,einfache hinweise zur verfügbarkeit. ,,anordnung der systemhinweise sollte zentral im display liegen + akustiscche unterstützung wäre hilfreich,,2,3,mehr eindrücke durch verkehrsteilnehmer oder ähnliches
25,2020-09-15 14:15:36,46,de,1462329372,2020-09-15 12:46:59,2020-09-15 14:15:36,71,2020-09-15 00:00:00,GE,MA,24,31,Männlich,Mehrmals pro Monat,5.001 - 10.000 km,"Ja, ich nutze sie auch jetzt",Nein,,2,Ja,Ja,Ja,Nein,Mehrmals täglich,"Audi, BMW, VW",Monatlich,"Audi, BMW, VW",Monatlich,"Audi, BMW, VW",,,Manuelles Fahren,,Nein,,,Nein,Nein,,,Keine Probleme; Schnelles Verarbeiten;1,,Manuelles Fahren,,Ja,Automatisiert verfügbar,,Nein,Nein,,,Keine Probleme; Schnelles Verarbeiten;1,,Automatisiertes Fahren,,Nein,,,Ja,Ja,Nein,,,"fragt wegen SURT danach, spielt nämlich nicht, Erklärung von mir","Zögern; Unabhängige Lösung ohne Fehler Aber: Zögern, sehr bewusstes Handeln und volle Konzentration; 2",,Automatisiertes Fahren,,Nein,,,Ja,Ja,,,Keine Probleme; Schnelles Verarbeiten;1,,Assistiertes Fahren,,Nein,,,Nein,Nein,Nein,,,,Keine Probleme; Schnelles Verarbeiten;1,,Assistiertes Fahren,,Ja,Automatisiert nicht mehr verfügbar,,Sensorfehler,,Nein,Nein,,,Keine Probleme; Schnelles Verarbeiten;1,,Assistiertes Fahren,,Nein,,,Nein,Nein,,,Keine Probleme; Schnelles Verarbeiten;1,,Assistiertes Fahren,,Ja,Automatisiert verfügbar,,Nein,Nein,,,Keine Probleme; Schnelles Verarbeiten;1,,Automatisiertes Fahren,,Nein,,,Ja,Ja,Nein,,,,Keine Probleme; Schnelles Verarbeiten;1,,Manuelles Fahren,,Ja,Sonstiges,nicht wahrgenommen nach übersteuern,Systemgrenze,,Nein,Nein,Nein,,"Wusste nicht, dass explizite Aufforderung ist, Erklärt alle Fehlermeldungen","Liest Meldung handelt aber nicht, wusste nicht dass er handeln soll, weiß nichts wegen der Verfügbarkeit, Erklärt mir aber detailliert die Fehlermeldungen","Hilfe vom Experimenter; Mehrere Fehler Massive Fehler erfordern einen Neustart der Aufgabe, Hilfe des Experimentators erforderlich; 5",,Automatisiertes Fahren,,Nein,,,Ja,Ja,Nein,,,"nimmt Änderung der Verfügbarkeit nicht wahr, wie viele zuvor, vermutlich vergessen",Keine Probleme; Schnelles Verarbeiten;1,,Manuelles Fahren,,Ja,Alle verfügbar,,Sensorfehler,,Nein,Nein,Nein,,,"Bremst, ist aber sehr vorgewarnt, sagt bei Skala ist alles verfügbar auf Nachfrage","Zögern; Unabhängige Lösung ohne Fehler Aber: Zögern, sehr bewusstes Handeln und volle Konzentration; 2",,2,3,6,Stimme gar nicht zu - 1,4,Stimme gar nicht zu - 1,Stimme voll zu - 5,Stimme gar nicht zu - 1,Stimme voll zu - 5,Stimme gar nicht zu - 1,Stimme voll zu - 5,Stimme gar nicht zu - 1,2,Stimme gar nicht zu - 1,2,4,5,7,4,1,1,7,7,7,1,4,7,1,7,6,4,6,6,6,2,7,1,7,1,2,3,5,Einfach zu bedienen (zwei Tasten). Unterschiedliche farbliche Darstellung für die Fahrmodi finde ich gut.,Warnung für kritische Situationen ist nicht klar gegeben.,"Akustische Signale sind notwendig, um die Aufmerksamkeit des Fahrers auf das Kombi-Instrument zu ziehen.
Sensorfehler bzw. Ausfall eines Systems müssen farblich anders dargestellt werden => z.B. gelb für wichtige Hinweise und rot für kritische Systemfehler! Außerdem muss die ""kritische"" Information für den Fahrer zentraler und größer Im Display dargestellt werden, damit er es sofort versteht.

Andere Symbole für die Fahrmodi verwenden => z.B. Assistiertes Fahren mit Lenkradsymbol + Hände am Lenkrad, Automatisiertes Fahren mit einem Auto Symbol von oben + die Fahrspuren, damit der Fahrer weiß, dass das Auto selbstständig fährt.",sieh oben,1,1,Nein
26,2020-09-17 13:49:36,46,de,2139325011,2020-09-17 12:15:00,2020-09-17 13:49:36,72,2020-09-17 00:00:00,So,Se,18,25,Männlich,Täglich,5.001 - 10.000 km,"Ja, ich nutze sie auch jetzt",Nein,,Keine Kenntnisse - 0,N/A,N/A,N/A,Ja,,,,,,,,,Manuelles Fahren,,Nein,,,Nein,Nein,,,Keine Probleme; Schnelles Verarbeiten;1,,Manuelles Fahren,,Ja,Automatisiert verfügbar,,Nein,Nein,,,Keine Probleme; Schnelles Verarbeiten;1,,Automatisiertes Fahren,,Nein,,,Ja,Ja,Nein,,,,Keine Probleme; Schnelles Verarbeiten;1,,Automatisiertes Fahren,,Nein,,,Ja,Ja,,,Keine Probleme; Schnelles Verarbeiten;1,,Assistiertes Fahren,,Nein,,,Nein,Nein,Nein,,,,"Zögern; Unabhängige Lösung ohne Fehler Aber: Zögern, sehr bewusstes Handeln und volle Konzentration; 2",,Assistiertes Fahren,,Ja,Automatisiert nicht mehr verfügbar,,Sensorfehler,,Nein,Nein,,,Keine Probleme; Schnelles Verarbeiten;1,,Assistiertes Fahren,,Nein,,,Nein,Nein,,,Keine Probleme; Schnelles Verarbeiten;1,,Assistiertes Fahren,,Ja,Automatisiert verfügbar,,Nein,Nein,,,Keine Probleme; Schnelles Verarbeiten;1,,Automatisiertes Fahren,,Nein,,,Ja,Ja,Nein,,,,Keine Probleme; Schnelles Verarbeiten;1,,Manuelles Fahren,,Ja,Sonstiges,denkt alles noch verfügbar,Sonstiges,Fehlermeldung,Nein,Nein,Nein,,,FAS Taste,"Zögern; Unabhängige Lösung ohne Fehler Aber: Zögern, sehr bewusstes Handeln und volle Konzentration; 2",,Automatisiertes Fahren,,Ja,Automatisiert verfügbar,,Nein,Nein,Nein,,,"befindet sich nur in Assistiert, soll aber in Automatisiert, Antwort unterschiedlich auf Fragen","Kleinere Fehler; Unabhängige Lösung ohne oder mit kleineren Fehlern, die selbstbewusst korrigiert Aber: Längere Denkpausen Bewertung möglicher Arbeitsschritte; 3",,Manuelles Fahren,,Ja,Keines mehr verfügbar,,Sensorfehler,,Nein,Nein,Nein,,,FAS,Keine Probleme; Schnelles Verarbeiten;1,,4,Stimme gar nicht zu - 1,6,3,Stimme voll zu - 5,4,4,Stimme gar nicht zu - 1,3,3,Stimme voll zu - 5,2,2,2,4,2,6,6,4,1,3,3,3,2,2,2,3,2,6,6,6,5,4,2,3,6,5,3,2,2,2,5,"Übersichtlich, wenn Konzentration auf dem Kombidisplay lag",Zwang Kombidisplay im Auge zu behalten,Sound bei Fehlermeldung,,1,2,
27,2020-09-17 18:15:38,46,de,1204838788,2020-09-17 17:02:42,2020-09-17 18:15:38,73,2020-09-17 00:00:00,EL,AL,9,25,Weiblich,Weniger als einmal pro Monat,< als 5.000 km,"Ja, ich nutze sie jetzt nicht",Nein,,Keine Kenntnisse - 0,Nein,Nein,Nein,Ja,,,,,,,,,Manuelles Fahren,,Nein,,,Nein,Nein,,,Keine Probleme; Schnelles Verarbeiten;1,,Manuelles Fahren,,Nein,,,Nein,Nein,,sieht Verfügbarkeit nicht!,"Hilfe vom Experimenter; Mehrere Fehler Massive Fehler erfordern einen Neustart der Aufgabe, Hilfe des Experimentators erforderlich; 5",,Automatisiertes Fahren,,Nein,,,Ja,Ja,Nein,,,"FAS, dann sehr zögerlich MOD, 1 Hand immer leicht am Lenkrad und sehr zögerlich zu SURT","Zögern; Unabhängige Lösung ohne Fehler Aber: Zögern, sehr bewusstes Handeln und volle Konzentration; 2",,Automatisiertes Fahren,,Nein,,,Ja,Ja,,,"Zögern; Unabhängige Lösung ohne Fehler Aber: Zögern, sehr bewusstes Handeln und volle Konzentration; 2",,Assistiertes Fahren,,Nein,,,Nein,Nein,Nein,,,,"Zögern; Unabhängige Lösung ohne Fehler Aber: Zögern, sehr bewusstes Handeln und volle Konzentration; 2",,Assistiertes Fahren,,Ja,Automatisiert nicht mehr verfügbar,,Sensorfehler,,Nein,Nein,,,"Zögern; Unabhängige Lösung ohne Fehler Aber: Zögern, sehr bewusstes Handeln und volle Konzentration; 2",,Assistiertes Fahren,,Nein,,,Nein,Nein,,,Keine Probleme; Schnelles Verarbeiten;1,,Assistiertes Fahren,,Ja,Automatisiert verfügbar,,Nein,Nein,,,Keine Probleme; Schnelles Verarbeiten;1,,Automatisiertes Fahren,,Nein,,,Ja,Ja,Nein,,,,Keine Probleme; Schnelles Verarbeiten;1,,Manuelles Fahren,,Ja,Nur Manuell verfügbar,,Systemgrenze,,Nein,Nein,Ja,"war unsicher, ob sie noch was machen muss als Warnung kam, und unsicher ab wann es manuell war",,"nimmt nur Hände ran, bei Notbremsung bremst sie dann",Massive Fehler; Ein oder mehrere Fehler Deutlich beeinträchtigter Operationsablauf Übermäßige Korrektur von Fehlern Keine Hilfe des Experimentators erforderlich; 4,,Automatisiertes Fahren,,Nein,,,Ja,Ja,Nein,,,vergisst Änderung der Verfügbarkeit wie viele Probanden bereits zuvor,Keine Probleme; Schnelles Verarbeiten;1,,Manuelles Fahren,,Ja,Sonstiges,nichts wahrgenommen,Sonstiges,Notbremsung,Nein,Nein,Nein,,,"sieht Fehlermeldung gar nicht, erst zufällig Notbremsung, dann bremst sie",Massive Fehler; Ein oder mehrere Fehler Deutlich beeinträchtigter Operationsablauf Übermäßige Korrektur von Fehlern Keine Hilfe des Experimentators erforderlich; 4,,3,3,3,2,2,Stimme gar nicht zu - 1,4,Stimme gar nicht zu - 1,4,Stimme gar nicht zu - 1,3,Stimme gar nicht zu - 1,2,2,2,3,4,5,5,2,2,4,4,5,1,7,6,3,5,4,3,4,5,5,3,5,5,6,1,4,4,4,Die Bedienung war einfach und übersichtlich,"Der Übergang von automatisiert zu manuell war nicht deutlich genug zu erkennen, die Warnung war zu unauffällig",Auffälligere Warnungen/Meldungen,,5,4,
28,2020-09-18 17:10:24,46,de,676915000,2020-09-18 15:47:00,2020-09-18 17:10:24,74,2020-09-18 00:00:00,EL,WO,8,53,Weiblich,Täglich,5.001 - 10.000 km,Nein,Nein,,2,Ja,Nein,Ja,Nein,Monatlich,Hyundai,,,Täglich,Hyundai,,,Manuelles Fahren,,Nein,,,Nein,Nein,,,Keine Probleme; Schnelles Verarbeiten;1,,Assistiertes Fahren,,Ja,Automatisiert verfügbar,,Nein,Nein,,"3 mal MOD, dann sehr spät FAS zu Assistiert, weiß auch dass sie in Assistiert ist, Handelt bei reiner Verfügbarkeit",Massive Fehler; Ein oder mehrere Fehler Deutlich beeinträchtigter Operationsablauf Übermäßige Korrektur von Fehlern Keine Hilfe des Experimentators erforderlich; 4,,Automatisiertes Fahren,,Nein,,,Ja,Ja,Nein,,,"sehr sehr zögerlich alles und spielt kein SURT, Aufforderung von mir nochmal","Zögern; Unabhängige Lösung ohne Fehler Aber: Zögern, sehr bewusstes Handeln und volle Konzentration; 2",,Automatisiertes Fahren,,Nein,,,Ja,Ja,,"sehr achtsam, linke Hand immer bereit","Zögern; Unabhängige Lösung ohne Fehler Aber: Zögern, sehr bewusstes Handeln und volle Konzentration; 2",,Assistiertes Fahren,,Nein,,,Nein,Nein,Nein,,,,"Zögern; Unabhängige Lösung ohne Fehler Aber: Zögern, sehr bewusstes Handeln und volle Konzentration; 2",,Assistiertes Fahren,,Ja,Automatisiert verfügbar,,Sensorfehler,,Nein,Nein,,glaubt es wurde Automatisiertes Fahren Verfügbar?!?!,"Zögern; Unabhängige Lösung ohne Fehler Aber: Zögern, sehr bewusstes Handeln und volle Konzentration; 2",,Assistiertes Fahren,,Nein,,,Nein,Nein,,,"Zögern; Unabhängige Lösung ohne Fehler Aber: Zögern, sehr bewusstes Handeln und volle Konzentration; 2",,Assistiertes Fahren,,Ja,Automatisiert verfügbar,,Nein,Nein,,,"Zögern; Unabhängige Lösung ohne Fehler Aber: Zögern, sehr bewusstes Handeln und volle Konzentration; 2",,Automatisiertes Fahren,,Nein,,,Ja,Ja,Nein,,,,"Zögern; Unabhängige Lösung ohne Fehler Aber: Zögern, sehr bewusstes Handeln und volle Konzentration; 2",,Manuelles Fahren,,Ja,Keines mehr verfügbar,,Weiß nicht mehr,,Nein,Nein,Nein,,,"liest es, macht aber nichts, muss sehr lange nachdenken sagt sie, bei Notbremsung bremst sie dann","Zögern; Unabhängige Lösung ohne Fehler Aber: Zögern, sehr bewusstes Handeln und volle Konzentration; 2",,Automatisiertes Fahren,,Ja,Automatisiert verfügbar,,Ja,Ja,Nein,,,,"Zögern; Unabhängige Lösung ohne Fehler Aber: Zögern, sehr bewusstes Handeln und volle Konzentration; 2",,Manuelles Fahren,,Ja,Keines mehr verfügbar,,Sonstiges,systemfehler,Nein,Nein,Nein,,"glaubt, dass Hände am Lenkrad reicht",liest es macht aber nichts erst bei Notbremsung bremst sie,"Zögern; Unabhängige Lösung ohne Fehler Aber: Zögern, sehr bewusstes Handeln und volle Konzentration; 2",,6,6,Stimme voll zu - 7,Stimme gar nicht zu - 1,Stimme voll zu - 5,4,Stimme voll zu - 5,2,4,2,Stimme voll zu - 5,Stimme gar nicht zu - 1,3,Stimme gar nicht zu - 1,Stimme voll zu - 5,Stimme voll zu - 5,7,7,3,1,2,6,6,4,5,1,7,1,7,6,7,7,1,3,2,7,2,6,2,2,2,7,Die Technik,Gab es nichts. ,Keine,Man mehr Aktivitäten einbauen können :-),1,1,
29,2020-09-19 14:19:28,46,de,1916742498,2020-09-19 13:02:30,2020-09-19 14:19:28,75,2020-09-19 00:00:00,Lu,Be,08.09.1951,69,Männlich,Mehrmals pro Woche,10.001 - 20.000 km,"Ja, ich nutze sie auch jetzt",Nein,,1,Ja,Ja,Ja,Nein,Monatlich,Audi,Nie,Audi,Nie,Audi,,,Manuelles Fahren,,Nein,,,Nein,Nein,,,Keine Probleme; Schnelles Verarbeiten;1,,Manuelles Fahren,,Ja,Automatisiert verfügbar,,Nein,Nein,,,"Zögern; Unabhängige Lösung ohne Fehler Aber: Zögern, sehr bewusstes Handeln und volle Konzentration; 2",,Assistiertes Fahren,,Nein,,,Nein,Nein,Nein,,,"schaltet nur in Assistiert, weiß aber dass er in Assistiert ist, Erklärung von mir wie er in Automatisiert kommt","Kleinere Fehler; Unabhängige Lösung ohne oder mit kleineren Fehlern, die selbstbewusst korrigiert Aber: Längere Denkpausen Bewertung möglicher Arbeitsschritte; 3",,Automatisiertes Fahren,,Nein,,,Nein,Nein,,"spielt kein SURT, glaubt er darf in dem Modus nichts machen weder Hände noch Emails, weiß aber ist in Automatisiert, bekommt von mir nochmal Erklärung","Zögern; Unabhängige Lösung ohne Fehler Aber: Zögern, sehr bewusstes Handeln und volle Konzentration; 2",,Assistiertes Fahren,,Nein,,,Ja,Ja,Nein,,,"FAS, MOD, MOD, dann Ansage nochmal von mir in Assistiert, dann schaltet er wieder in Automatisiert, glaubt er ist in Assistiert, antwortet aber er darf Hände wegnehmen und emails  schreiben",Massive Fehler; Ein oder mehrere Fehler Deutlich beeinträchtigter Operationsablauf Übermäßige Korrektur von Fehlern Keine Hilfe des Experimentators erforderlich; 4,,Manuelles Fahren,,Ja,Sonstiges,nicht wahrgenommen,Nichts erkannt,,Nein,Nein,,"spielt surt, nimmt hände weg HOD kommt, keine MODE AWARENESS, SCHALTET DAS SYSTEM AUS BEI SENSORFEHLER!!",Massive Fehler; Ein oder mehrere Fehler Deutlich beeinträchtigter Operationsablauf Übermäßige Korrektur von Fehlern Keine Hilfe des Experimentators erforderlich; 4,,Assistiertes Fahren,,Nein,,,Ja,Ja,,"2 mal HOD kommt, nimmt dann Hände ran, spielt SURT bisschen, nochmals Erklärung von mir was in welcher Stufe erlaubt ist, bisschen Verwirrung, weiß dass er in assistiert ist, antwortet aber mit Hände weg und Emails!",Massive Fehler; Ein oder mehrere Fehler Deutlich beeinträchtigter Operationsablauf Übermäßige Korrektur von Fehlern Keine Hilfe des Experimentators erforderlich; 4,,Automatisiertes Fahren,,Ja,Automatisiert verfügbar,,Ja,Ja,,"hatte ein Dreher drin in der Beschreibung der Automationsstufen, von mir näher nachgehakt, dann Verstanden","Zögern; Unabhängige Lösung ohne Fehler Aber: Zögern, sehr bewusstes Handeln und volle Konzentration; 2",,Automatisiertes Fahren,,Nein,,,Ja,Ja,Nein,,,"schaltet zu Beginn in Automatisiert, Ansage von mir 2 mal FAS dann; bei Frage nach Verfügbarkeit wie viele zuvor kleine Probleme","Zögern; Unabhängige Lösung ohne Fehler Aber: Zögern, sehr bewusstes Handeln und volle Konzentration; 2",,Assistiertes Fahren,,Ja,Automatisiert nicht mehr verfügbar,,Weiß nicht mehr,,Nein,Nein,Nein,,,"Ansage von mir dass er in Automatisiert schalten soll, er war nur in Assistiert, Bei Fehlermeldung übersteuert er mit FAS, schaltet sich aber dann wieder in Assistiert obwohl nicht verfügbar, deshalb auch die Antworten ",Massive Fehler; Ein oder mehrere Fehler Deutlich beeinträchtigter Operationsablauf Übermäßige Korrektur von Fehlern Keine Hilfe des Experimentators erforderlich; 4,,Automatisiertes Fahren,,Nein,,,Nein,Nein,Nein,,,"nur in Assistiert, nimmt Hände kurz weg HOD kommt dann Hände wieder dran, MODE AWARENESS nicht stark da","Hilfe vom Experimenter; Mehrere Fehler Massive Fehler erfordern einen Neustart der Aufgabe, Hilfe des Experimentators erforderlich; 5",,Manuelles Fahren,,Ja,Automatisiert nicht mehr verfügbar,,Sonstiges,Notbremsung Systemausfall,Nein,Nein,Nein,,,"wieder zu Beginn Ansage nochmal in Automatisiert zu schalten, liest Fehlermeldung wollte FAS, dann kommt Notbremsung dann bremst er","Zögern; Unabhängige Lösung ohne Fehler Aber: Zögern, sehr bewusstes Handeln und volle Konzentration; 2",,5,2,4,3,4,2,3,2,4,2,4,2,4,2,4,4,6,2,6,5,7,1,1,2,6,6,5,6,3,1,5,1,2,2,5,2,5,4,6,6,6,5,"Die Reaktion des Systems, sicher mit deren Unterstützung zu fahren.","Erst war es gewöhnungsbedürftig, aber dann keine weiteren Einwände. Durchaus Gefallen an dem System gefunden.",Spontan keine Einfälle.,"Nein, keine Anmerkungen. Es war das erste Mal so ein System zu erkunden.",1,2,Meine Erkenntnis ist sehr positiv und es wäre gut wenn man öfter bei solchen Versuchen mitmachen könnte.
