"id","submitdate","lastpage","startlanguage","seed","startdate","datestamp","VP","HMI","Datum","Wetter","Licht","AutomatStufeBefunden","AutomatStufeBefunden[other]","AenderungVerfuegbark","FallsJa","FallsJa[other]","HaendeLenkrad","Emails","Sonderanmerkungen","Notiz","ER1","q0r496","q0r496[other]","r94q0","r440q0","r440q0[other]","r182q0","r164q0","q0r969","q0r262","ER2","q0r972","q0r972[other]","r215q0","r564q0","r564q0[other]","r554q0","r329q0","Probleme","fallsjaproblem","q0r994","q0r624","ER3","q0r888","q0r888[other]","r665q0","r207q0","r207q0[other]","r274q0","r274q1","q0r3","q0r337","ER4","q0r341","q0r341[other]","r676q0","r217q0","r217q0[other]","r36q0","r448q0","r500q0","r729q0","q0r409","q0r873","ER5","q0r432","q0r432[other]","r462q0","r608q0","r608q0[other]","FallsJa2","FallsJa2[other]","r711q0","r5q0","q0r933","q0r157","ER6","q0r842","q0r842[other]","r159q0","r808q0","r808q0[other]","r734q0","r620q0","q0r676","q0r791","ER7","q0r204","q0r204[other]","r77q0","r29q0","r29q0[other]","r64q0","r175q0","q0r774","q0r98","ER8","q0r691","q0r691[other]","r582q0","r243q0","r243q0[other]","r185q0","r36q1","r438q0","r17q0","q0r355","q0r255","ER9","q0r940","q0r940[other]","r405q0","r754q0","r754q0[other]","r733q0","r733q0[other]","r801q0","r235q0","q0r299","q0r360","q0r485","q0r216","ER10","q0r64","q0r64[other]","r850q0","r972q0","r972q0[other]","r722q0","r230q0","r469q0","r138q0","q0r83","q0r805","TC11","q0r522","q0r522[other]","r225q0","r822q0","r822q0[other]","r857q0","r857q0[other]","r769q0","r658q0","r663q0","r314q0","q0r1017","q0r594","ER12"
"18","2020-09-29 09:57:08","1","de","","2020-09-29 08:57:43","2020-09-29 09:57:08","02","A1","2020-09-29 08:57:52","A4","A2","A1","","N","","","N","N","","","A1","A5","","Y","A2","","Y","Y","Erster Kontakt mit Bedienelementen beim fahren sehr s chwer","","A4","A5","","N","","","Y","Y","N","","","","A1","A5","","N","","","Y","Y","","","A1","A3","","N","","","N","N","N","","","","A1","A3","","Y","A7","","A1","","N","N","","","A1","A3","","N","","","N","N","","","A1","A3","","Y","A4","","N","N","","Erst hier Skala richtig angeschaut _ Anmerkung Icons sind weiter links","A1","A5","","N","","","Y","Y","N","","","","A1","A1","","Y","A8","","A2","","N","N","N","","","","A2","A5","","Y","A3","","Y","Y","N","","","Hase auf Straße","A1","A1","","Y","A8","","A1","","N","N","Y","Bremsen für Übernahme - Allein ans Lenkrad fassen reicht nicht, hätte Proband aber erwartet, zumindest kurz zu lenken","","","A2"
"19","2020-09-29 12:02:36","1","de","","2020-09-29 11:00:25","2020-09-29 12:02:36","51","A2","2020-09-29 11:00:34","A3","A2","A1","","N","","","N","N","","","A1","A1","","Y","A4","","N","N","","","A1","A5","","N","","","Y","Y","Y","Nach einschalten mit zwischenstufe gerechnet","","","A2","A5","","N","","","Y","Y","Wieder Anzeige ""Automatisiertes fahren verfügbar"" erwartet - Weil es bei erster Fahrt auch so war und sich an Fahrbedingungen nichts geändert hat","","A1","A3","","N","","","N","N","N","","","","A1","A3","","N","","","","","N","N","","","A3","A3","","N","","","N","N","","","A1","A3","","Y","A4","","N","N","","","A1","A5","","N","","","Y","Y","N","","","","A1","A5","","Y","A8","","A3","","Y","Y","Y","Als Änderung der Verfügbarkeit wahrgenommen und deshalb nicht gehandelt","","","A4","A5","","Y","A4","","Y","Y","N","","","","A1","A1","","N","","","","","N","N","N","","Akustisches Signal bei Sensorfehler gewünscht","","A1"
"20","2020-09-29 15:14:38","1","de","","2020-09-29 14:06:18","2020-09-29 15:14:38","03","A1","2020-09-29 14:06:27","A3","A2","-oth-","Nicht automatisiert","N","","","N","N","","","A1","A1","","Y","-oth-","Assistenz verfügbar, nicht gemerkt welche Stufen genau","N","N","","","A2","A5","","Y","A4","","Y","Y","N","","","","A1","A5","","N","","","Y","Y","","","A1","A3","","Y","A3","","N","N","N","","","","A1","A3","","Y","-oth-","Assistenzsystem","A1","","N","N","","","A2","A3","","Y","A7","","N","N","","","A2","A3","","Y","A4","","N","N","","","A1","A5","","N","","","Y","Y","N","","","","A1","A1","","Y","A10","","A3","","N","N","Y","Erst mit Lenken versucht - funktionierte nicht","","","A3","A5","","Y","A3","","Y","Y","N","","","","A1","A1","","Y","A10","","A1","","N","N","N","","","","A2"
"21","2020-09-29 17:13:46","1","de","","2020-09-29 16:04:14","2020-09-29 17:13:46","52","A2","2020-09-29 16:04:28","A3","A2","A1","","N","","","N","N","","","A4","A1","","Y","A4","","N","N","","","A1","A5","","N","","","Y","Y","Y","Dachte 2 mal FAS drücken, drücken der anderen Taste erst bei zweitem Versuch ","","","A3","A5","","N","","","Y","Y","","","A1","A3","","N","","","Y","N","N","","","Unsicherheit ob Hände ans Steuer in L2","A2","A3","","Y","A7","","A1","","N","N","","","A1","A3","","N","","","N","N","","","A1","A3","","Y","A4","","N","N","","","A1","A5","","N","","","Y","Y","N","","","","A1","A1","","Y","A10","","-oth-","Außerhalb der Wertgrenze","N","N","Y","Kurz überlegt ob über Taste deaktiviert werden kann - Machte für Proband keinen Sinn, also übersteuert","","","A2","A5","","Y","A4","","Y","Y","N","","","","A1","A1","","Y","A7","","A1","","N","N","N","","Immer Angst eine Meldung zu verpassen - Stressig in L3,Konzentration auf nebenaufgabe nicht möglich","","A1"
"23","2020-10-01 10:19:14","1","de","","2020-10-01 09:30:14","2020-10-01 10:19:14","53","A2","2020-10-01 09:30:21","A1","A1","-oth-","Alles selber machen ","N","","","N","N","","","A1","A1","","Y","A4","","N","N","Meldung sehr klein, lieber größer und mit Audio Durchsage","","A1","A5","","N","","","Y","Y","N","","Fehlendes Vertrauen für nebenaufgabe","","A4","-oth-","Teilautonom","N","","","N","N","Symbole unklar zu weit unten","","A4","A3","","N","","","N","N","N","","","","A1","-oth-","Fahrer fährt","Y","-oth-","Teilautonom nicht verfügbar ","A1","","N","N","","","A3","-oth-","Teilautonom","N","","","N","N","","","A1","A3","","Y","A4","","N","N","","","A1","A5","","N","","","Y","Y","N","","","","A1","-oth-","Normal","Y","-oth-","Autonom  nicht verfügbar selber fahren","A1","","N","N","N","","Automatischer Wechsel ","","A2","-oth-","Autonom","N","","","Y","Y","N","","","","A3","-oth-","Selber fahren","Y","-oth-","System nicht verfügbar ","A1","","N","N","N","","","","A2"
"24","2020-10-01 12:15:05","1","de","","2020-10-01 11:05:29","2020-10-01 12:15:05","54","A2","2020-10-01 11:24:14","A2","A1","A1","","N","","","N","N","","","A1","A1","","Y","-oth-","Von manuell auf automatisiert ","N","N","Verwirrende Anzeige, drei Symbole beleuchtet aber unklar welche Stufe aktiv, erst gemerkt als Hände vom Lenkrad und Auto nicht gelenkt","","A3","A5","","Y","-oth-","Von manuell auf automatisiert ","Y","Y","N","","Jetzt Automation verstanden un gelernt wie Anzeige bei Wechsel aussieht ","","A2","A5","","Y","-oth-","Hin und her geschaltet","Y","Y","","Unsicherheit ob Hände entfernen dürfen "" Ich kann, aber darf eigentlich nicht""","A1","A3","","Y","-oth-","Umschalten genannt","N","N","N","","","Proband nimmt noch einmal Abbildung i n die Hand ""ich merke keinen unterschied"", verwirrung da Auto sich in l2 komplett gleich verhält","A1","A3","","Y","-oth-","Assistiert nichtverfügbar","A1","","N","N","Jetzt verstanden Mitte = assistiert und rechts = automatisiert (skala)","","A1","A3","","Y","-oth-","Umschalten zwischen den Stufen genannt","N","N","","","A1","A3","","Y","-oth-","Umschalten genannt","N","N","","","A1","A5","","Y","-oth-","Umschalten genannt","Y","Y","N","","","","A1","A1","","Y","-oth-","","-oth-","Ende Systemstrecke , übernehmen","N","N","N","","Unterschied zwischen  l2 u l3 beim Fahrverhalten nicht klar, nur durch Anzeige - verwirrt","","A1","A5","","Y","-oth-","Umschalten genannt","Y","Y","N","","","","A1","A1","","Y","A10","","A1","","N","N","N","","Erst Wechsel über mod probiert, drücken der Tasten noch nicht zu 100 Prozent klar","","A2"
"25","2020-10-01 17:06:11","1","de","","2020-10-01 16:00:40","2020-10-01 17:06:11","56","A2","2020-10-01 16:23:07","A1","A1","A1","","N","","","N","N","","","A1","A1","","Y","A3","","N","N","","","A1","A3","","Y","A2","","N","N","N","","","Ansage war automatisiert,  falsch verstanden oder verwechselt?","A3","A5","","Y","A2","","Y","Y","Korrektur tc3: ich war nur assistiert,  nicht automatisiert ","","A1","A3","","Y","A2","","Y","N","N","","","VP nennt immer die verfügbaren Level, nicht nur die änderungen","A1","A1","","Y","-oth-","Aufgefordert selber zu fahren","-oth-","Hod","N","N","","HOD lange nicht die Hände ans Steuer- fast Notbremsung","A4","A3","","Y","-oth-","Manuell und assistiert verfügbar ","Y","N","","","A1","A3","","Y","A4","","Y","N","","Auch nach HOD der Meinung, dass Hände nicht an Lenkrad müssen","A1","A5","","N","","","Y","Y","N","","","Hände nicht an Lenkrad in l2, überwacht aber und lässt es nicht wieder zur bremsung kommen","A1","A1","","Y","A7","","A1","","N","N","N","","","","A2","A5","","Y","A2","","Y","Y","N","","","","A1","A1","","Y","A8","","A1","","N","N","N","","","","A1"
"26","2020-10-02 09:59:29","1","de","","2020-10-02 08:47:55","2020-10-02 09:59:29","04","A1","2020-10-02 09:19:11","A2","A2","A1","","N","","","N","N","","","A1","A1","","Y","A3","","N","N","","","A1","A5","","N","","","Y","Y","N","","","","A2","A5","","N","","","Y","Y","","","A1","A3","","N","","","N","N","N","","","","A1","A3","","Y","A7","","-oth-","Sensordefekt","N","N","Assistiert scheint auch eine Weile ohne Hände am Lenkrad zu funktionieren ","","A1","A3","","N","","","N","N","","","A1","A3","","Y","A4","","N","N","","","A1","A5","","N","","","Y","Y","N","","","","A1","A1","","Y","A7","","A2","","N","N","N","","","","A1","A5","","Y","A3","","Y","Y","N","","","","A1","A1","","Y","A7","","-oth-","Sensordefekt","N","N","N","","","","A1"
"27","2020-10-02 12:15:06","1","de","","2020-10-02 11:06:25","2020-10-02 12:15:06","05","A1","2020-10-02 11:26:15","A3","A2","A1","","N","","","N","N","","","A3","A1","","Y","-oth-","Zwei Zeichen angegangen","N","N","","","A2","A5","","N","","","Y","N","N","","","","A4","A3","","Y","A3","","N","N","Alle Knöpfe gedrückt und so automatisiert gefunden","","A4","A3","","Y","-oth-","Umschalten genannt","N","N","N","","Unsicher in l3 den Blick von Straße z wenden","Proband lenkt und gibt Gas um das Auto zu testen","A1","A5","","Y","A7","","A2","","Y","Y","","Proband handelt ohne Aufforderung- Hinweis von lv","A2","A3","","N","","","N","N","","","A1","A3","","Y","A4","","N","N","Hinweis zum ersten mal gesehen","","A1","A5","","N","","","Y","Y","N","","Ab jetzt sicherer in L3,  Blick von Straße dennoch unwohl","","A1","A1","","N","","","","","N","N","N","","Geräusch klingt wie SMS, hätte erwartet, dass Auto bremst","Keinerlei Reaktion auf Nachricht, obwohl gesehen ","A4","A5","","N","","","Y","Y","N","","","","A1","A1","","N","","","","","N","N","Y","Wiederherstellen von Level mit mod versucht,ging aber nicht","","","A1"
"28","2020-10-02 15:00:31","1","de","","2020-10-02 14:04:30","2020-10-02 15:00:31","06","A1","2020-10-02 14:17:57","A4","A2","A5","","N","","","Y","Y","Wusste nicht ob schon ausprobieren darf ","","A4","A1","","Y","A3","","N","N","","","A1","A5","","N","","","Y","Y","N","","","","A1","A5","","N","","","Y","Y","","","A1","A3","","N","","","N","N","N","","","","A1","A3","","Y","A7","","A1","","N","N","","","A1","A3","","N","","","N","N","","","A1","A3","","Y","A4","","N","N","","","A1","A5","","N","","","Y","Y","N","","","","A1","A1","","Y","-oth-","Vom automatisierten ins manuelle übernehmen","A1","","N","N","Y","Übersteuern über lenken versucht,ging nicht, dann gebremst","","","A3","A5","","Y","A3","","Y","Y","N","","Nicht mehr sicher ob in automatisierten oder assistiert weil sie sich nicht mehr ganz an Anzeige erinnern kann","","A1","A1","","Y","-oth-","Von automatisiert übernehmen ","A1","","N","N","N","","","Übernahme wieder über lenken versucht, dann aber schnell gebremst","A2"
"29","2020-10-02 16:58:09","1","de","","2020-10-02 15:59:20","2020-10-02 16:58:09","57","A2","2020-10-02 16:01:31","A2","A3","A1","","N","","","N","N","","","A1","A5","","N","","","Y","Y","Auto hat nicht übernommen, obwohl angezeigt","","A4","A5","","N","","","Y","Y","N","","","","A2","A5","","N","","","Y","Y","","","A1","A3","","N","","","N","N","N","","","","A1","A3","","Y","A7","","A1","","N","N","","","A1","A3","","N","","","N","N","","","A1","A3","","Y","A4","","N","N","","","A1","A5","","N","","","Y","Y","N","","","","A1","A5","","N","","","","","Y","Y","N","","","Proband irritiert, da trotz Warnung das Fahrzeug weitergefahren ist, hat sich nicht dazu aufgefordert gefühlt zu übernehmen, irritiert von notbremsung "" ich will keine notbremsung machen""","A4","A5","","Y","A2","","Y","Y","N","","","","A1","A5","","N","","","","","Y","Y","N","","Angeblich nicht verfügbar, ich soll übernehmen, System ist aber in automatisierten modus geblieben durch leichtes Gas geben","","A4"
"30","2020-10-05 10:42:54","1","de","","2020-10-05 08:54:02","2020-10-05 10:42:54","07","A1","2020-10-05 09:37:59","A4","A2","A1","","N","","","N","N","","","A1","-oth-","Vollautomatisch ","Y","A3","","Y","Y","","","A4","A5","","Y","A2","","Y","Y","Y","Wollte direkt ins automatisiert schalten, Hinweis, dass das nicht geht","","","A2","A5","","N","","","Y","Y","","","A1","A3","","N","","","N","N","N","","","","A1","A3","","Y","A7","","A1","","N","N","","","A1","A3","","N","","","N","N","","","A1","A3","","Y","A4","","N","N","Steuerung von Auto bemerkt, Steinen nicht ausgewichen","","A1","A5","","N","","","Y","Y","N","","","","A1","A1","","Y","A6","","A1","","N","N","N","","","","A1","A5","","Y","A2","","Y","Y","N","","","","A1","A1","","Y","A8","","A1","","N","N","N","","","","A1"
"31","2020-10-05 15:15:37","1","de","","2020-10-05 14:03:22","2020-10-05 15:15:37","08","A1","2020-10-05 14:03:34","A2","A2","-oth-","Erste","N","","","","N","","Hände vom Lenkrad : Weiß ich nicht","A1","-oth-","Eins","Y","-oth-","Hätte in nächste Stufe schalten können","N","N","","","A1","-oth-","Erste Stufe","N","","","Y","N","Y","Erst mit Pfeil rauf und runter versucht, ging nicht, dann mit anderer Taste versucht","","","A4","-oth-","Nicht drauf geachtet","Y","-oth-","Lenkradunterstützung und Spurhalteassistent","Y","N","","P sagt ja bei Hände von l entfernen, obwohl HOD genannt","A4","-oth-","Eins","Y","-oth-","Lenkrad Unterstützung und Spurhalteassistent","Y","N","N","","","","A4","-oth-","Eins","Y","-oth-","Irgendeine Automatik nicht verfügbar ","A3","","Y","N","","","A3","-oth-","Eins","N","","","Y","N","","","A2","-oth-","Eins","N","","","Y","N","Wollte probieren was passiert wenn Hände nicht an Lenkrad genommen werden","","A3","-oth-","Eins","Y","-oth-","Geschwindigkeitsassistent aktiv","Y","N","N","","","","A2","-oth-","Drei","Y","A10","","A3","","Y","Y","N","","","P: Unten stand immer Stufe 1, deshalb immer die bei erster Frage angegeben","A2","A5","","N","","","Y","Y","N","","","","A1","A5","","N","","","","","Y","Y","N","","Sensorfehler musste manuell weiterfahren ","","A2"
"32","2020-10-05 17:05:20","1","de","","2020-10-05 16:03:01","2020-10-05 17:05:20","59","A2","2020-10-05 16:22:28","A3","A3","A1","","N","","","N","N","","","A3","A1","","Y","A4","","N","N","","","A1","A5","","N","","","Y","Y","Y","Erst falsche taste","","","A3","A5","","N","","","Y","Y","","Proband fragt ob er bei HOD Hände ans Lenkrad nehmen soll","A4","A3","","N","","","N","N","Y","Erst jetzt gemerkt welche Stufe welche ist","","","A2","A3","","Y","A7","","A1","","Y","N","","P: Hände entfernen bis zur Meldung erlaubt","A2","A3","","N","","","Y","N","","","A1","A3","","Y","A4","","Y","N","","","A1","A5","","N","","","Y","Y","N","","","","A1","A1","","Y","A10","","A1","","N","N","Y","Erst unsicher wie in manuell,  dann aber mit bremse schnell funktioniert","","","A2","A5","","Y","A4","","Y","Y","N","","","","A1","A1","","Y","-oth-","Bitte übernehmen ","A1","","N","N","N","","Kurz probiert ob auch direkt in autom fahren mit rechter Taste (bei Level reset)","","A1"
"34","2020-10-05 12:00:58","1","de","","2020-10-05 11:00:53","2020-10-05 12:00:58","58","A2","2020-10-05 11:19:29","A2","A2","A1","","N","","","N","N","","","A1","A1","","Y","A3","","N","N","","","A1","A5","","N","","","Y","Y","N","","","","A2","A5","","N","","","Y","Y","","","A1","A3","","N","","","N","N","N","","","","A1","A3","","Y","A7","","A1","","N","N","","","A1","A3","","N","","","N","N","","","A1","A3","","Y","A4","","N","N","","","A1","A5","","N","","","Y","Y","N","","","","A1","A1","","Y","A7","","-oth-","Systemfehler","N","N","N","","","","A3","A5","","Y","A2","","Y","Y","N","","","","A1","A5","","Y","A8","","A1","","Y","Y","N","","Notbremsung verwirrt","P hat nicht übernommen, nur Hände ans Lenkrad, als nichts passierte hände wieder weg","A3"
"35","2020-10-06 09:52:47","1","de","","2020-10-06 09:08:02","2020-10-06 09:52:47","09","A1","2020-10-06 09:09:17","A2","A2","A1","","N","","","N","N","","","A1","A1","","Y","A3","","N","N","","","A1","A5","","N","","","Y","Y","Y","Drei Symbole verfügbar, daher direkt mit umschalt Taste rechts versucht, da symbol für autom in der leiste auf Bildschirm auch rechts, komisch dass erst ins assistiert geschälten werden muss","","","A2","A5","","N","","","Y","Y","","","A1","A3","","N","","","N","N","N","","","","A1","A3","","Y","A7","","A1","","N","N","Meldung nur aus Zufall gesehen, Symbol unten ausgegraut wäre aber ohne Textmeldung nicht aufgefallen da unterschied zwischen weiß und grau sehr gering","","A1","A3","","N","","","N","N","","","A1","A3","","Y","A4","","N","N","","","A1","A5","","N","","","Y","Y","N","","","","A1","A1","","Y","A8","","A1","","N","N","N","","Weiß nicht ob systemgrenze auch für assistiert gilt, Ton fehlt, Anzeige nur ganz zufällig gesehen, Töne auch bei verfügbar bevorzugt, bei dieser Fahrt ohne Ton geht gar nicht","","A1","A5","","N","","","Y","Y","N","","Kurz von kürzerem Intro verwirrt","","A1","A1","","Y","A8","","A1","","N","N","N","","Super","","A1"
"36","2020-10-06 11:56:04","1","de","","2020-10-06 10:54:30","2020-10-06 11:56:04","10","A1","2020-10-06 10:59:23","A3","A2","A1","","N","","","N","N","","","A1","A1","","Y","A3","","N","N","","","A1","A5","","N","","","Y","Y","N","","","","A1","A5","","N","","","Y","Y","","","A1","A3","","N","","","Y","N","N","","Unsicher ob Hände ans L müssen, Aufforderung gesehen, unsicher ob sie danach wieder entfernt werden dürfen","","A1","A3","","Y","A7","","A1","","Y","N","","","A1","A3","","N","","","Y","N","","","A1","A3","","Y","A4","","N","N","","Durch Meldung bei HOD gelernt, dass Hände am L bleiben müssen","A1","A5","","N","","","Y","Y","N","","","","A1","A1","","N","","","","","N","N","Y","Aufforderung nur zufällig wahrgenommen, nicht sicher ob Aufforderung oder nur Hinweis, dann schnell irgendwo hingeklickt","","","A3","A5","","N","","","Y","Y","N","","","","A1","A1","","N","","","","","N","N","Y","Erst mit Hände am Lenkrad und Gas Übersteuern wollen, hat nicht funktioniert, dann mit Button ausgeschaltet","","","A1"
"40","2020-10-06 14:50:19","1","de","","2020-10-06 13:56:07","2020-10-06 14:50:19","60","A2","2020-10-06 13:56:18","A3","A2","A1","","N","","","N","N","","","A1","A5","","N","","","Y","Y","","","A4","A5","","N","","","Y","Y","N","","","","A3","A5","","N","","","Y","Y","","","A1","A3","","Y","-oth-","Hände ans Lenkrad ","Y","N","N","","","P spielt surt","A1","A3","","Y","A7","","A1","","Y","N","","","A1","A3","","N","","","Y","N","","","A1","A3","","Y","A4","","Y","N","","","A1","A5","","N","","","Y","Y","N","","","","A1","A1","","Y","A9","","A1","","N","N","N","","Unklar, ob selber übernehmen muss oder das System selber umschaltet","Hinweis, dass P Bremsen soll als keine Reaktion auf Notbremsung kam","A3","A5","","Y","A2","","Y","Y","N","","","","A1","A1","","Y","A10","","A1","","N","N","N","","","","A2"
"41","2020-10-06 16:57:18","1","de","","2020-10-06 16:02:20","2020-10-06 16:57:18","61","A2","2020-10-06 16:02:27","A3","A3","A1","","N","","","N","N","","","A1","A1","","Y","A2","","N","N","","","A1","A5","","Y","-oth-","Selbstständig lenken und beschleunigen ","Y","Y","N","","","","A4","A5","","Y","-oth-","Anweisungen ","Y","Y","","Hände nicht ans Lenkrad bei hod, bis Notbremsung und Hinweis von VL. Bei zweiter HOD dann von alleine reagiert","A4","A3","","N","","","N","N","N","","Jetzt erst verstanden was automatisiert und was assistiert in der Anzeige ist ","","A2","A3","","Y","A7","","A1","","N","N","","","A1","A3","","N","","","N","N","","","A1","A3","","Y","A4","","N","N","","","A1","A5","","N","","","Y","Y","N","","","","A1","A1","","Y","A7","","A1","","N","N","N","","","","A1","A5","","N","","","Y","Y","N","","","","A1","A1","","Y","A7","","-oth-","Systemfehler","N","N","N","","","","A1"
"42","2020-10-08 10:02:58","1","de","","2020-10-08 09:02:14","2020-10-08 10:02:58","62","A2","2020-10-08 09:23:04","A1","A1","A1","","N","","","N","N","Sehr auf Display konzentriert, weil auf Ansage gewartet","","A1","A1","","Y","A4","","N","N","","","A1","A5","","N","","","Y","Y","N","","","","A2","A5","","N","","","Y","Y","","","A1","A3","","N","","","N","N","N","","Nicht ganz sicher ob Hände am Lenkrad bleiben müssen","","A1","A3","","N","","","","","N","N","","","A3","A3","","N","","","N","N","","","A1","A3","","Y","A4","","N","N","","","A1","A5","","N","","","Y","Y","N","","","","A1","A1","","Y","A8","","-oth-","Sollte notbremsung machen","N","N","N","","Ton wäre hilfreich, hätte Meldung bei Ablenkung durch Spiel fast nicht gesehen","Meldung erst bei Notbremsung gesehen","A5","A5","","Y","A4","","Y","Y","N","","","Wiederholung, da bei Durchgang 1 die Spur lange nicht erkannt","A1","A1","","Y","A10","","A1","","N","N","N","","","","A2"
"43","2020-10-08 12:20:53","1","de","","2020-10-08 11:01:42","2020-10-08 12:20:53","11","A1","2020-10-08 11:02:03","A2","A2","A1","","N","","","N","N","","","A1","A3","","Y","-oth-","Schalten von manuell zu assistiert ","Y","N","Spurerkennung nicht funktioniert ","P geht in seinen Antworten vom assistiert aus, da eingegriffen werden musste","A4","A5","","N","","","Y","Y","Y","War nicht klar für was die Knöpfe sind, welche er erst drücken muss, Reihenfolge nicht klar","","","A3","A5","","N","","","Y","Y","Traut System nicht, schaut immer wieder in Display ob sich Verfügbarkeit ändert, weil es so ungewohnt ist ","","A1","A3","","N","","","N","N","Y","Tasten immer noch nicht ganz klar","Hände an Lenkrad erst nach HOD Meldung klar, Definition von assistiert unklar","","A3","A3","","Y","A7","","A1","","N","N","Meldung verwirrend, weil automatisiert ja gerade gar nicht gewollt","","A1","A3","","N","","","N","N","Nicht klar wann ich falsch  bediene, kein lernerfolg","","A1","A3","","Y","A4","","N","N","Visuelle Umsetzung nicht gut , Verfügbarkeit nicht dauerhaft visuell vermittelt ","","A1","A5","","N","","","Y","Y","Y","Tasten immer noch nicht verstanden ","Farben von Abbildung angemerkt","","A1","A1","","Y","A8","","A1","","N","N","N","","Kein Problem bei Wechsel, aber unsicher welcher der richtige Weg ist,  Meldung nur ganz schwach imAugenwinkel wahrgenommen ","","A2","A5","","Y","A3","","Y","Y","N","","Ungutes Gefühl wegen fehlendem Audio Signal wenn automatisiert nicht mehr verfügbar ( bezogen auf tc10)","","A1","A1","","Y","-oth-","Weiß nicht mehr","A2","","N","N","N","","","","A1"
"44","2020-10-08 16:58:22","1","de","","2020-10-08 16:02:22","2020-10-08 16:58:22","63","A2","2020-10-08 16:02:31","A2","A1","A1","","N","","","N","N","","","A1","A5","","Y","A2","","Y","Y","","","A4","A5","","N","","","Y","Y","N","","Nicht angezeigt dass verfügbar ist, keine farbliche Kennzeichnung ","","A2","A5","","N","","","Y","Y","","","A1","A3","","N","","","N","N","N","","","","A1","A3","","Y","A7","","A3","","N","N","Einmal verdrückt aus versehen","","A1","A3","","Y","A7","","N","N","","","A2","A3","","Y","A4","","N","N","","","A1","A5","","N","","","Y","Y","N","","","","A1","A1","","N","","","","","N","N","N","","","Keine Reaktion auf Anzeige, Aufforderung von vl","A5","A5","","Y","A3","","Y","Y","N","","","","A1","A1","","Y","A10","","A3","","N","N","N","","Ton gewünscht, Nachricht zu spät gesehen ","Hinweis von VL WG notbremsung ","A5"
"45","2020-10-09 10:08:24","1","de","","2020-10-09 09:14:07","2020-10-09 10:08:24","64","A2","2020-10-09 09:14:20","A2","A1","A1","","N","","","N","N","","","A1","A1","","Y","A3","","N","N","","","A1","A5","","N","","","Y","Y","Y","Ist davon ausgegangen, dass System automatisch eingeschaltet ist, daher direkt Wechsel Taste gedrückt und nicht erst on off","","","A3","A5","","N","","","Y","Y","","","A1","A3","","N","","","N","N","N","","","","A1","A3","","Y","A7","","A1","","N","N","Eher zufällig die Meldung gesehen, hätte akustische Signal gewünscht ","","A1","A3","","N","","","N","N","","","A1","A3","","Y","A4","","N","N","","","A1","A5","","N","","","Y","Y","N","","","","A1","A1","","Y","A8","","-oth-","Systemfehler","N","N","N","","Meldung ohne Ton  viel zu unauffällig,  fast übersehen","Nachfrage VL warum nicht übernommen  : P : weil ich nur auf Ihre Anweisung reagieren soll","A5","A5","","N","","","Y","Y","N","","","","A1","A1","","Y","A7","","A1","","","","N","","Zufällig wahrgenommen, erst in letzter Sekunde, Ton gewünscht , immer zurück in Display geschaut und kaum Konzentration auf nebenaufgabe ","","A2"
"46","2020-10-09 12:18:07","1","de","","2020-10-09 11:14:15","2020-10-09 12:18:07","65","A2","2020-10-09 11:14:40","A2","A2","A1","","N","","","N","N","","","A1","A1","","Y","A2","","N","N","","","A1","A5","","N","","","Y","Y","N","","Tablet vergessen","","A2","A5","","N","","","Y","Y","","","A1","A3","","N","","","N","N","N","","","","A1","A3","","Y","A7","","A1","","N","N","","","A1","A3","","N","","","N","N","","","A1","A3","","Y","-oth-","Autonom verfügbar ","N","N","","","A1","A5","","N","","","Y","Y","N","","","","A1","A1","","Y","A10","","A1","","N","N","N","","Erst über Hände übernehmen versucht,  erwartet dass Fahrzeug automatisiert in l0 schaltet","Nicht reagiert bis Notbremsung angezeigt,  dann Vollbremsung ","A4","A5","","Y","A4","","Y","Y","N","","","","A1","A1","","Y","A7","","A1","","N","N","N","","","Auf notbremsung hin Vollbremsung ","A3"
"47","2020-10-09 15:07:20","1","de","","2020-10-09 14:04:56","2020-10-09 15:07:20","13","A1","2020-10-09 14:05:05","A2","A1","A1","","N","","","N","N","","","A1","A1","","Y","A3","","N","N","","","A1","A5","","N","","","Y","Y","Y","Erst anschalten dann wechseln, dachte erst er kann direkt wechseln","","","A3","A5","","N","","","Y","Y","","","A1","A3","","N","","","N","N","N","","","","A3","A3","","Y","A7","","-oth-","Sensorstörungen","N","N","","","A1","A3","","N","","","N","N","","","A1","A3","","Y","A4","","N","N","","","A1","A5","","N","","","Y","Y","N","","","","A1","A1","","Y","A8","","-oth-","Systemüberschreitung","N","N","N","","","","A2","A5","","Y","A3","","Y","Y","N","","","","A1","A1","","Y","A8","","-oth-","Sensorstörung","N","N","N","","","","A1"
"48","2020-10-09 17:04:52","1","de","","2020-10-09 16:07:26","2020-10-09 17:04:52","14","A1","2020-10-09 16:07:36","A2","A1","A5","","N","","","Y","Y","","Hochgeschaltet","A4","A1","","Y","A3","","N","N","","","A1","A5","","N","","","Y","Y","N","","","","A2","A5","","N","","","Y","Y","","","A1","A3","","Y","-oth-","Assistiert aktiv","N","N","N","","Anzeigen bei Knopfdruck bisher nicht gesehen","","A1","A3","","Y","A5","","A3","","N","N","","L3 n verfügbar nicht gesehen","A3","A3","","Y","-oth-","Assistiert aktiv","N","N","","","A1","A3","","Y","A4","","N","N","","","A1","A5","","N","","","Y","Y","N","","","","A1","A1","","Y","A8","","A1","","N","N","N","","Versucht mit Hände an Lenkrad zu übernehmen ","","A4","A5","","Y","A3","","Y","Y","N","","","","A1","A1","","Y","A7","","-oth-","Sensorstörung","N","N","N","","","","A1"
"49","2020-10-12 09:56:51","1","de","","2020-10-12 08:59:48","2020-10-12 09:56:51","66","A2","2020-10-12 08:59:57","A2","A2","A1","","N","","","N","N","","","A1","A1","","Y","A4","","N","N","","","A1","A3","","N","","","Y","N","Y","Weiterschalten von assistiert in automatisiert nicht möglich","","","A4","A5","","N","","","Y","Y","","","A2","A3","","N","","","N","N","N","","","","A1","A3","","Y","A7","","A1","","N","N","","","A1","A3","","N","","","N","N","","","A1","A3","","N","","","N","N","","","A1","A5","","N","","","N","N","N","","","Keine Ahnung bei Frage ob Hände entfernen dürfen ","A1","A1","","N","","","","","N","N","N","","Verwirrende Anweisung von Auto, unklare Infos in Display, nicht verstanden aus welchem Grund manuell, ob ausgeschaltet oder nur übernommen, warum notbremsung ","","A5","A1","","N","","","N","N","N","","","","A2","A1","","Y","A10","","A2","","N","N","N","","","","A1"
"50","2020-10-12 11:59:19","1","de","","2020-10-12 11:06:28","2020-10-12 11:59:19","15","A1","2020-10-12 11:06:38","A3","A2","A1","","N","","","N","N","","","A1","A1","","Y","A3","","N","N","","","A1","A5","","N","","","Y","Y","Y","Nicht sicher welcher Knopf für was steht, durch ausprobieren gelöst","","","A2","-oth-","Autonom","N","","","Y","Y","Missverständlich, dass erst in assistiert um in automatisiert zu kommen","Probleme bei wiederherstellung","A3","A3","","N","","","N","N","Y","Wechsel nicht direkt möglich, sondern erst über manuell ","","","A3","A3","","Y","A7","","A1","","N","N","","","A1","A3","","N","","","N","N","","Spur länger nicht erkannt ","A1","A3","","Y","-oth-","Autonom verfügbar ","N","N","","","A1","-oth-","Autonom","N","","","Y","Y","N","","Man nimmt nicht mehr wahr, wenn ein Sensorfehler kommen würde,  wahrscheinlich kommt dazu ein Ton später","","A1","A1","","N","","","","","N","N","Y","Bei Wiederherstellung wollte direkt in automatisierten gehen","Signalton zur Übernahme und Anzeige wahrgenommen , Anzeige am Anfang nicht wirklich wahrgenommen ","","A2","A5","","Y","A2","","Y","Y","N","","","","A1","A1","","Y","A7","","A1","","N","N","N","","","","A1"
"51","2020-10-12 14:53:45","1","de","","2020-10-12 13:57:58","2020-10-12 14:53:45","16","A1","2020-10-12 13:58:24","A3","A2","A1","","N","","","N","N","","","A1","A5","","Y","A3","","Y","Y","","In l3 geschaltet ","A3","A5","","N","","","Y","Y","N","","Unten alle drei sichtbar u nicht mehr ausgegraut, aber nicht ganz sicher ob automatisiert verfügbar oder nicht","Spur länger nicht erkannt, leichte Korrektur der Fahrspur nötig,  aber kein Einfluss auf tc","A1","A5","","N","","","Y","Y","","","A1","A3","","N","","","N","N","N","","Nicht sicher ob Hände vom l genommen werden dürfen, Symbolik Anzeige nicht so hilfreich da hier die Hände nur berühren und nicht festhalten","","A1","A3","","N","","","","","N","N","","","A2","A3","","Y","A7","","N","N","Aufgefallen dass automatisiert ausgegraut,Kontrast zu Hintergrund aber sehr schwach, Symbol kaum noch zu erkennen","","A1","A3","","Y","A2","","N","N","Einblendung der Verfügbarkeit gut","","A1","A5","","N","","","Y","Y","N","","","","A1","A1","","Y","A10","","A1","","N","N","N","","Bedeutung von systemgrenze unklar","","A1","A5","","N","","","Y","Y","N","","","","A1","A1","","N","","","","","N","N","N","","Sehr überraschende Aufforderung, man muss sich zusammenreißen dass keine Vollbremsung gemacht wird","","A1"
"52","2020-10-12 16:49:14","1","de","","2020-10-12 15:55:35","2020-10-12 16:49:14","17","A1","2020-10-12 15:56:11","A3","A2","A1","","N","","","N","N","","","A1","A1","","Y","-oth-","Beide andere verfügbar ","N","N","","","A1","A3","","N","","","N","N","N","","","","A4","A5","","N","","","Y","Y","","","A2","A3","","N","","","N","N","N","","","","A1","A3","","Y","A7","","A1","","N","N","","","A1","A3","","N","","","N","N","","","A1","A3","","Y","A4","","N","N","","","A1","A5","","N","","","Y","Y","N","","","","A1","A1","","Y","A10","","A1","","N","N","Y","Musste zweimal klicken, weil versucht mit wechseltaste zu deaktivieren, in erster Situation nicht drauf gekommen, dass deaktivieren verrückt werden muss","","","A3","A5","","Y","A3","","Y","Y","N","","","","A1","A1","","Y","A7","","A1","","N","N","N","","","","A1"
"53","2020-10-13 09:58:55","1","de","","2020-10-13 09:12:10","2020-10-13 09:58:55","67","A2","2020-10-13 09:12:22","A3","A2","A1","","N","","","N","N","","","A1","A1","","N","","","N","N","","","A3","A5","","Y","-oth-","Display erklärt","Y","Y","N","","","","A4","A5","","Y","-oth-","Lenkrad lenkt","Y","Y","","","A4","A3","","N","","","Y","Y","N","","","Hände nicht  entfernt da auf Anweisung von VL gewartet","A4","A3","","N","","","","","Y","Y","","In l3 gefahren, daher tc so nicht durchführbar","A4","A5","","N","","","Y","Y","","","A4","A5","","N","","","Y","Y","","","A4","A3","","N","","","Y","Y","N","","Ich weiß nicht was blau und was gelb ist,Stufen fühlen sich gleich an","P fährt in l2, HOD notbremsung,  Eingriff durch Anweisung von vl","A4","A1","","Y","-oth-","Hände ans Lenkrad ","A3","","N","N","N","","","Vollbremsung bei ""notbremsung ""","A4","A5","","Y","-oth-","Hände ans Lenkrad ","N","N","N","","Weiß immer noch nicht wann in automatisierten und wann in assistiert,  Tasten noch nicht ganz verstanden ","","A3","A1","","Y","-oth-","Lenkrad übernehmen ","-oth-","Systemfehler","N","N","N","","","Vollbremsung bei Notbremsung ","A2"
"54","2020-10-13 12:21:08","1","de","","2020-10-13 11:03:11","2020-10-13 12:21:08","68","A2","2020-10-13 11:03:21","A4","A2","A2","","N","","","N","N","","","A1","A5","","Y","-oth-","Zweite und dritte verfügbar ","Y","Y","","","A3","-oth-","Zweite","Y","-oth-","Aufgeleuchten (skala)","N","N","N","","Zwei Stufen verwechselt, deshalb nur in zweiter und noch nicht in automatisiert","","A3","A5","","Y","-oth-","Nächste aufgeleuchtet","Y","Y","","","A1","A3","","N","","","N","N","N","","Geschwindigkeitsregulation vergessen, Fuß auf Gas gelassen,in automatisiert wird Auto schnell unbemerkt schneller","","A1","A3","","Y","A7","","A1","","N","N","","","A1","A3","","N","","","N","N","","","A1","A3","","Y","A4","","N","N","","","A1","A5","","N","","","Y","Y","N","","","","A1","A1","","Y","-oth-","Jetzt übernehmen ","A3","","N","N","Y","Übernehmen nicht klar,reichen Hände am Lenkrad? Wechselt das Auto von alleine zu manuell? ","Etwas überrascht mit dem Begriff notbremsung,  als Aufforderung zur notbremsung verstanden","","A3","A1","","Y","","","Y","Y","Y","","","ABBRUCH VERSUCH, ANTWORTEN NUR ZUR BEENDIGUNG DES FRAGEBOGENS","A1","A1","","Y","","","A1","","Y","Y","Y","","","","A1"
"55","2020-10-13 14:51:16","1","de","","2020-10-13 13:57:27","2020-10-13 14:51:16","18","A1","2020-10-13 13:57:43","A3","A2","A1","","N","","","N","N","","","A1","A1","","Y","A3","","N","N","","","A1","A5","","Y","-oth-","Hinweis auf Display ""umschaltbar""","Y","Y","N","","Zwei mal aut auf Tasten irritiert, wieso nicht 1x assistiert?","","A2","A5","","Y","A4","","Y","Y","Jetzt sind die Tasten klar, einmal einschalten und dann wechseln, schafft es nicht während nebenaufgabe nicht auf Straße zu schauen","","A2","A3","","Y","-oth-","Aufforderung in assistiert zu schalten","N","N","N","","","","A1","A3","","N","","","","","N","N","","HOD Meldung als Meldung zur Verfügbarkeit kam","A1","A3","","N","","","Y","N","","","A1","A3","","Y","A4","","Y","Y","Gelbe LEDs an Lenkrad und Anzeige auf Display,  war aber zu schnell wieder weg um zu erkennen ","Anmerkung von p war hod","A1","A5","","Y","-oth-","Umschalten auf automatisiert ","N","Y","N","","Akustischer warnten für HOD gewünscht ","","A1","A5","","Y","-oth-","Weiß nicht,Meldung zu kurz","A3","","Y","Y","N","","Warnung zu kurz","Meldung erst bei Ton gesehen, vorher in nebenaufgabe vertieft ","A1","A5","","Y","A3","","Y","Y","N","","","","A1","A1","","Y","-oth-","Manuell aktiv","A3","","N","N","N","","","","A1"
"56","2020-10-15 09:57:00","1","de","","2020-10-15 08:41:59","2020-10-15 09:57:00","19","A1","2020-10-15 09:05:57","A3","A2","A1","","N","","","N","N","","","A1","A1","","Y","A3","","N","N","","","A1","A5","","N","","","Y","Y","N","","","Korrektur WG spurerkennung nötig,  hat Ablauf aber nicht gestört ","A1","A5","","N","","","Y","Y","","","A1","A3","","N","","","Y","N","N","","","HOD Meldung kam, dann Hände ans Lenkrad genommen","A1","A3","","Y","A7","","A1","","Y","N","","Keine Ahnung ob Hände von Lenkrad entfernen dürfen ","A1","A3","","N","","","Y","N","","","A1","A3","","Y","A4","","Y","N","","","A1","A1","","N","","","N","N","N","","","In manuell geschaltet obwohl Ansage für automatisiert kam","A4","A1","","Y","A7","","A1","","N","N","N","","","Übernehmen mit Händen und Gas versucht ","A2","A5","","Y","A3","","Y","Y","N","","","","A1","A1","","Y","A8","","A1","","N","N","N","","","Übernehmen wieder mit Händen und Gas versucht ","A3"
"57","2020-10-15 12:17:44","1","de","","2020-10-15 11:12:21","2020-10-15 12:17:44","20","A1","2020-10-15 11:12:28","A3","A2","A1","","N","","","N","N","","","A1","A1","","Y","-oth-","Andere zwei verfügbar ","N","N","","","A1","A3","","N","","","N","N","Y","Falsche Taste gedrückt, dachte dass Pfeile für Aktivierung stehen und aus für deaktivieren ","","","A3","A5","","N","","","Y","Y","Fehler in der letzten Fahrt, assistiert statt automatisiert gefahren, keinerlei Blick auf Straße während Tablet Bedienung ","Erst wieder in l2 gestartet,  dann im Laufe der Fahrt korrigiert","A3","A3","","N","","","Y","N","N","","Brauche zum überwachen eigentlich keine Hände, daher Frage mit ja beantwortet ","","A1","A3","","Y","A7","","A1","","N","N","Auto hat aufgefordert Hände an Lenkrad zu nehmen, daher nein, was würde passieren wenn ich aus der Spur raus lenke?","","A1","A3","","N","","","Y","N","Piktogramm zeigt Hände ans Lenkrad und Auto fordert dich auf, aber Auto lenkt ja ganz alleine also wieso muss ich die Hände dran lassen?deshalb Lenkrad nur berührt, verwirrt was hier richtig ist, überwachen und das Piktogram widersprechen sich ","","A1","A3","","Y","-oth-","Autonom verfügbar ","N","N","Muss ich Hände da hin legen wo es blinkt? Gibt das Auto mir ja durch die Position des blinkens vor","","A1","A5","","N","","","Y","Y","N","","","","A1","A1","","N","","","","","N","N","N","","Systemgrenze voraus, ich muss in manuell wechselt, nicht gesagt dass automatisiert nicht mehr verfügbar,  Aufforderung könnte auch untergehen, weil ich so auf nebenaufgabe konzentriert war","","A1","A5","","Y","A2","","Y","Y","N","","","","A1","A1","","Y","A10","","A3","","N","N","Y","Erschrocken von Ton, dann etwas überfordert,  dann erst überlegt zu Bremsen und dann daran erinnert, dass ich den Knopf drücken müsste, weiß nicht ob durch Bremsen übernommen werden kann, daher lieber Knopf um nichts falsch zu machen","","","A1"
"58","2020-10-15 17:05:28","1","de","","2020-10-15 16:17:36","2020-10-15 17:05:28","69","A2","2020-10-15 16:17:43","A3","A2","A1","","N","","","N","N","","","A1","A1","","Y","-oth-","Skala beschrieben ","N","N","","","A1","A5","","N","","","Y","Y","N","","Notbremsung aufgeleuchtet, aber zu unauffällig , Meldung sollte eher in der Mitte sein","","A4","A3","","N","","","N","N","Erst jetzt die Symbole und Level verstanden, Symbole nicht wirklich eindeutig,  blaue Farbe nicht gut gewählt , Warnung Hände an Lenkrad Funktion nicht klar, warnton fehlt","","A4","A3","","Y","-oth-","Wählen zwischen allen Stufe ","N","N","N","","Gelb für automatisiert nicht gut, weil gelb eher vorwarnung, schriftliche Info über aktives Level gewünscht ","","A3","A3","","Y","A7","","A1","","N","N","Dachte bei Meldung erst System müsste übernommen werden, es würde reichen wenn kein Hinweis kommt und ich einfach nicht mehr hochschalten kann, Hinweis betrifft mich in diesem Moment ja nicht","","A1","A3","","N","","","N","N","","","A1","A3","","Y","A4","","N","N","Akustische Ansage gewünscht ","","A1","A5","","N","","","Y","Y","N","","","","A1","A5","","Y","A8","","A1","","Y","Y","N","","Warnhinweis viel zu klein und unauffällig,  erregt gar keine Aufmerksamkeit ","","A1","A5","","Y","A2","","Y","Y","N","","","","A1","A1","","Y","A2","","A1","","N","N","N","","Meldung wieder zu schwach","","A2"
"59","2020-10-16 09:57:01","1","de","","2020-10-16 09:01:12","2020-10-16 09:57:01","70","A2","2020-10-16 09:01:34","A4","A3","A3","","N","","","N","N","","Nachgeschaltet in l3 obwohl laut Skala nicht verfügbar ","A4","A1","","Y","A4","","N","N","","","A1","A5","","N","","","Y","Y","N","","","","A1","A5","","N","","","Y","Y","","Linke Hand am Steuer, Grund Gewohnheit und sicherheit","A1","A3","","N","","","N","N","N","","","","A1","A3","","Y","A7","","A1","","N","N","","","A1","A3","","N","","","N","N","","","A1","A3","","Y","A4","","N","N","","","A1","A5","","N","","","Y","Y","N","","","","A1","A1","","N","","","","","N","N","N","","Meldung hätte Ton gebraucht","","A2","A5","","N","","","Y","Y","N","","","","A1","A1","","N","","","","","N","N","N","","","Meldung gar nicht gesehen, Aufforderung von VL nach längerer Zeit mit notbremsung Meldung ","A5"
"60","2020-10-16 12:02:17","1","de","","2020-10-16 11:05:22","2020-10-16 12:02:17","21","A1","2020-10-16 11:06:13","A4","A2","A1","","N","","","N","N","","","A1","A1","","Y","-oth-","Beide verfügbar ","N","N","","","A1","A5","","N","","","Y","Y","N","","","","A1","A5","","N","","","Y","Y","","","A1","A3","","N","","","N","N","N","","","","A1","-oth-","Zweite ","Y","-oth-","Dritte ausgefallen ","-oth-","Systemfehler","N","N","","","A1","-oth-","Zweite ","N","","","N","N","","","A1","A3","","Y","A4","","N","N","","","A1","A5","","N","","","Y","Y","N","","","","A1","A1","","Y","-oth-","Zweite und dritte ausgefallen","A1","","N","N","Y","Wusste erst nicht ob Knopf drücken, lenken , habe dann gebremst ","Anzeige nur ganz zufällig gesehen, blinken war dann auffälliger,  hätte akustische Signal gewünscht ","","A2","A5","","Y","-oth-","Zweite und dritte verfügbar ","Y","Y","N","","","","A1","A1","","Y","-oth-","Zwei und drei ausgefallen ","A1","","N","N","N","","Nur gebremst, was wäre mit Händen am Lenkrad , warnton war gut","","A1"
"61","2020-10-16 15:52:51","1","de","","2020-10-16 14:59:21","2020-10-16 15:52:51","71","A2","2020-10-16 14:59:45","A4","A2","A1","","N","","","N","N","","","A1","A1","","N","","","N","N","","","A3","A5","","Y","-oth-","Tempomat und Spurgaltung waren aktiv","Y","Y","N","","","","A4","A5","","Y","-oth-","","N","N","","","A4","A5","","N","","","Y","N","N","","Farbe in Display geändert   , aber beim fahren keinen Unterschied bemerkt","","A4","A3","","N","","","","","Y","N","","","A4","A3","","N","","","Y","N","","","A4","A3","","N","","","Y","N","","","A4","A5","","N","","","Y","N","N","","","","A4","A1","","Y","-oth-","Tempomat und Spurgaltung ausgefallen ","A1","","N","N","N","","","P hat nicht selber übernommen  , Auto hat in diesem Moment Spur verloren und System ausgeschaltet ","A3","A5","","N","","","Y","N","N","","","","A4","A5","","N","","","","","Y","N","N","","","In l2 gefahren,  daher tc nicht richtig durchführbar","A4"
"62","2020-10-19 10:06:13","1","de","","2020-10-19 09:26:11","2020-10-19 10:06:13","23","A1","2020-10-19 09:26:24","A2","A1","A1","","N","","","N","N","","","A1","A1","","Y","A3","","N","N","","","A1","A5","","Y","-oth-","Konnte Umschalten ","Y","Y","Y","Wusste nicht genau, dass ich noch zwischen Stufen wechseln muss, dann aber schnell rausgefunden ","","","A3","A5","","Y","-oth-","Konnte Stufe auswählen ","Y","Y","Hinterfrage gerade ob das wirklich automatisiert war, da unterschied so schwer zu erkennen, evtl. Führt das System mich in die irre","Offenbar mal an ähnliche Studien teilgenommen ","A1","A3","","N","","","N","N","N","","","","A1","A3","","Y","A7","","A1","","N","N","","","A1","A3","","N","","","N","N","","","A1","A3","","Y","A4","","N","N","","","A1","A5","","N","","","Y","Y","N","","","","A1","A1","","Y","-oth-","Beide nicht verfügbar ","A1","","N","N","Y","Dachte erst solche in andere Stufe wechseln, Befehl ins manuelle zu wechseln erst nicht erkannt ","","","A3","A5","","Y","-oth-","Beide verfügbar ","Y","Y","N","","","","A1","A1","","Y","-oth-","Beide nicht verfügbar ","A1","","N","N","Y","Nochmal assistiert gekommen ","Diesmal nicht per Taste ausmachen, sondern automatisch bei bremsung ","","A2"
"63","2020-10-19 11:50:22","1","de","","2020-10-19 10:29:09","2020-10-19 11:50:22","24","A1","2020-10-19 10:56:40","A2","A2","A1","","N","","","N","N","","","A1","A1","","Y","A3","","N","N","","","A1","A1","","N","","","N","N","Y","Bei beiden automatisiert,  dachte das eine ist automatisiert an und aus , das andere wechseln, da kam die Ansage dass erst assistiert einschalten,  da wusste ich nicht wo ich drücken soll","","Interpretiert Tasten wegen ""aut"" wohl nur für automatisiert ","A4","A5","","Y","-oth-","Beide verfügbar ","Y","Y","","Wechsel beim reset des Level ohne Probleme ","A1","A3","","N","","","N","N","N","","","","A3","A3","","Y","A7","","A1","","N","N","","","A1","A3","","N","","","N","N","","","A1","A3","","Y","A4","","N","N","","","A1","A5","","N","","","Y","Y","N","","","","A1","A1","","Y","A8","","-oth-","Systemfehler","N","N","N","","","","A2","A5","","Y","A3","","Y","Y","N","","","","A1","A1","","Y","A8","","A1","","N","N","N","","","","A2"
"64","2020-10-19 17:07:05","1","de","","2020-10-19 15:47:35","2020-10-19 17:07:05","72","A2","2020-10-19 15:47:46","A2","A1","A1","","N","","","N","N","Manuelle fahren aufgrund von Fahrverhalten erkannt ","","A1","A5","","N","","","Y","Y","Aufgrund von fahrzeugverhalten Eindruck von automatisiert , aber auch nicht sicher","","A3","A5","","Y","-oth-","Auto gibt Gas und hält spur","Y","Y","N","","Funktionsweise noch nicht ganz klar ","","A4","A3","","Y","-oth-","Blaues Fahrzeug in Mitte, konstant 30 gefahren ","N","N","","","A4","A3","","Y","-oth-","Gelbe und blaue farben","N","N","Y","Funktionsweise der Tasten noch nicht verstanden","Anzeige noch nicht verstanden,  weiß nicht was automatisiert und was assistiert ist, bringt durcheinander ","","A2","A3","","Y","-oth-","Weiß nicht genau ","A1","","N","N","","","A1","A5","","N","","","Y","Y","","P denkt Fahrzeug verhalten verändert sich, daher Interpretation automatisiert ","A2","A3","","N","","","N","N","Blau ist assistiert und gelb automatisiert ","","A4","A5","","Y","-oth-","Gelbes Auto ","Y","Y","N","","Automatisiertes ist gelb","","A1","A3","","Y","A9","","A3","","N","N","Y","Habe selber Probleme 30kmh zu halten , ","","Beschreibt Anzeige eigentlich schon richtig  interpretiert aktuell Stufe aber immer noch falsch, Übernahme nur WG Aufforderung ","A4","A5","","Y","-oth-","Gelbe anzeige","Y","Y","N","","Kann Skala nicht erkennen, bräuchte lesebrille. Erster Tastendruck ist assistiert (blau),  zweiter ist automatisiert (gelb)","","A1","A1","","N","","","","","N","N","N","","Erst jetzt rausgefunden wie ich in automatisiert komme und auch wieder in manuell ","Übernahme nur auf Aufforderung durch vl","A4"
"65","2020-10-20 09:49:36","1","de","","2020-10-20 09:15:53","2020-10-20 09:49:36","25","A1","2020-10-20 09:16:02","A1","A1","A1","","N","","","N","N","","","A1","A1","","Y","A3","","N","N","","","A1","A5","","N","","","Y","Y","N","","","","A1","A5","","N","","","Y","Y","","","A1","A3","","N","","","N","N","N","","","Bedient surt, sagt dann aber dass er das nicht durfte","A1","A3","","Y","A7","","A1","","N","N","","","A1","A3","","N","","","N","N","","","A1","A3","","Y","A4","","N","N","","","A1","A5","","N","","","Y","Y","N","","","","A1","A1","","Y","A8","","A1","","N","N","N","","Was heißt systemgrenze? Nicht eindeutig verständlich , einfachere erklärung gewünscht, systemgrenze würde für mich heißen dass das Auto von außen manipuliert wird","","A1","A5","","Y","A3","","Y","Y","N","","","","A1","A1","","Y","A8","","-oth-","Systemfehler","N","N","N","","Ton und rote Symbol verleiten zum Bremsen ","Reaktion sehr reflexartig ","A1"
"66","2020-10-20 12:17:50","1","de","","2020-10-20 11:26:06","2020-10-20 12:17:50","26","A1","2020-10-20 11:26:15","A2","A2","A1","","N","","","N","N","","","A1","A5","","Y","A3","","Y","Y","","Dachte Auto wäre in automatisierten fahren","A3","A5","","Y","-oth-","Angezeigt dass im automatisierten fahren","Y","Y","Y","Drücken der Tasten nicht ganz klar ","","","A3","A5","","Y","-oth-","Umschalten in automatisiert","Y","Y","Jetzt auch Füße vom Gas gelassen, Einschätzung bei Fahrt vorhin (tc2) war falsch ","","A1","A3","","Y","-oth-","Hände ans Lenkrad,  kein Gas geben","N","N","N","","Auto lenkt eher nach rechts, ich fahre immer eher mittig oder links ","","A1","A3","","N","","","","","N","N","Am Anfang nicht direkt richtig, kurz verschaltet, könnte aber schnell korrigieren. Allgemein schaue ich wesentlich mehr aufs Display ","","A2","A3","","N","","","N","N","","","A1","A3","","Y","A3","","N","N","Unsicher ob Hände wegnehmen , Meldung dass automatisiert Verfügbar kam genau dann als ich Hände entfernt habe, also eher doch dran lassen","","A1","A5","","Y","-oth-","Umschalten in andere stufen","Y","Y","Y","Vom ausführen her nein, habe aber falsch auf Ansage reagiert ","","","A3","A1","","Y","A10","","-oth-","Systemübersteuerung","N","N","N","","","Erst bei Ton reagiert ","A2","A3","","Y","A4","","Y","Y","N","","Schaue aufgrund der vorherigen Fahrt öfter auf Display,  kann ja sein dass ich eingreifen muss","","A1","A1","","Y","-oth-","Zu manuell übernehmen ","A2","","N","N","N","","Gab es einen Countdown?  Wenn ja dann übersehen. Bei Rot erschrocken und abgebremst, hätte wahrscheinlich direkt weiter fahren sollen","Auf Anzeige hin fast zum stehen gekommen ","A1"
"67","2020-10-20 15:14:30","1","de","","2020-10-20 14:20:11","2020-10-20 15:14:30","27","A1","2020-10-20 14:20:22","A2","A1","A1","","N","","","N","N","","","A1","A1","","N","","","N","N","","Bei Anzeige kurz geschaut ob automatisiert fährt","A2","A3","","Y","-oth-","Spur selber gehalten","N","N","N","","","Nur in l2 gefahren,  ohne Hände am Lenkrad,  HOD Meldung ignoriert, erst auf VL Aufforderung übernommenen ","A5","A5","","Y","-oth-","Weder Gas geben  noch lenken nötig","Y","Y","","","A1","A1","","Y","-oth-","Bin manuell gefahren ","N","N","N","","","Bei Aufforderung in manuell geschaltet,  dann auch dem Fehler bewusst, trotzdem nicht korrigiert,  weil ""Strecke war dann zu kurz"" . Hinweis von VL, dass bis zum Schluss gehandelt werden soll/darf","A4","A3","","Y","-oth-","Lenkt wieder zurück in spur","A3","","N","N","Muss Augen auf der Straße lassen, was wenn Gegenstände auf Straße auftauchen ","","A2","A3","","N","","","N","N","","","A1","A5","","Y","-oth-","Hände nicht mehr an Lenkrad ","Y","Y","","Schaltet unaufgefordert in l3","A4","A5","","Y","-oth-","Nicht mehr Hände ans Lenkrad ","N","N","N","","","Frage mit hände: im assistierten fahren nein, obwohl oben automatisierten gesagt,habe den Eindruck  dass P die Stufen durcheinander bringt","A1","A5","","Y","-oth-","Musste manuell fahren","-oth-","Systemfehler","N","Y","N","","","","A2","A3","","Y","-oth-","Spurgaltung und tempomat ","N","N","N","","","Fährt in l2 obwohl Ansage für l3","A4","A5","","N","","","","","Y","Y","N","","","Hatte Sensorfehler eigentlich schon erwähnt,  Frage trotzdem mit nein beantwortet,  keine Ahnung warum er bei 1 automatisiert nennt","A1"
"68","2020-10-20 16:55:07","1","de","","2020-10-20 15:53:15","2020-10-20 16:55:07","28","A1","2020-10-20 15:53:45","A2","A1","A1","","Y","-oth-","Lenkrad mit 2 Händen nicht mehr durchgestrichen ","N","N","","","A1","A1","","Y","A3","","N","N","Macht keinen Sinn was ich bei erster Fahrt gesagt habe, manuell ist immer verfügbar ","","A1","A5","","N","","","Y","Y","N","","","","A1","A5","","N","","","Y","Y","","Bei Wiederherstellung kurz verschaltet ","A1","A3","","N","","","N","N","N","","Verwirrung, was passiert wenn ich auf Pfeil drücke? Vorher musste ich zwei mal abdrücken (von manuell in automatisierten) einmal anschalten, und 2 mal Pfeile, jetzt nur noch einmal pfeil","","A1","A3","","Y","A7","","A1","","N","N","","P testet Hände von Lenkrad zu entfernen,  auf HOD wieder an Lenkrad genommen","A1","A3","","N","","","N","N","","","A1","A3","","Y","A4","","N","N","","","A1","A5","","N","","","Y","Y","N","","","","A1","A1","","Y","A8","","A1","","N","N","N","","Warnten hat gefehlt , hätte ich leicht übersehen. Bin über bremse in manuell, geht das auch mit Knopf? Icon von assistiert nicht in der Mitte, stört mich, sollte symmetrisch sein. Wenn ich zwischen Stufen Wechsel gibt es farbige Icons, Schrift ist aber weiß, nicht so auffällig,  würde besser passen wenn Schrift in gleicher farbe","","A2","A5","","Y","A3","","Y","Y","N","","Kein auditiver Feedback dass Level verfügbar,  kann man beim fahren Leicht übersehen, ist in die Richtung aber nicht so schlimm wie in andere, könnte auch zu viel werden","","A1","A1","","Y","A8","","A1","","N","N","N","","Würde ich vorher schon aufgefordert bevor es Rot wurde? Wahrscheinlich erst einmal gelb","","A1"
"69","2020-10-22 10:02:20","1","de","","2020-10-22 09:01:49","2020-10-22 10:02:20","29","A1","2020-10-22 09:20:38","A1","A1","A1","","N","","","N","N","","","A1","A1","","Y","-oth-","Assistenzsysteme verfügbar ","N","N","","","A1","A5","","Y","A2","","Y","Y","N","","Komisches Gefühl nicht auf Straße zu schauen","","A3","A5","","N","","","Y","Y","","","A1","A3","","N","","","N","N","N","","","","A1","A3","","Y","A7","","A1","","N","N","Zwar gesehen, aber etwas schwächer hinweiß der auftaucht und wieder verschwindet , würde mir dauerhafte Anzeige wünsche in welchem ich gerade bin+welche noch verfügbar sind, sodass ich den Status immer sehe","Sieht Skala wohl nicht","A1","A3","","N","","","N","N","","","A1","A3","","Y","A4","","N","N","Hinweis kam länger,  sehe jetzt die Icons unten,  zeigen mir Verfügbarkeit an, sollte aber präsenter sein","","A1","A5","","N","","","Y","Y","N","","","","A1","A1","","Y","A7","","A2","","N","N","Y","Wollte erst per Umschalten Taste in manuell schalten, hätte aber direkt aus Taste drücken müssen","Leuchten am Lenkrad gesehen, akustische Signal gewünscht ","","A3","A5","","Y","A3","","Y","Y","N","","","Golf stand unten, hat P angemerkt, evtl leichte Ablenkung ","A1","A1","","Y","A10","","-oth-","Systemfehler","N","N","N","","Ton und rote LEDs,  Aufmerksamkeit direkt bei Fahrzeug, überlegt was systemfehler heißen soll, dadurch kurz abgelenkt","","A2"
"70","2020-10-22 12:05:17","1","de","","2020-10-22 11:00:44","2020-10-22 12:05:17","30","A1","2020-10-22 11:01:09","A3","A2","A3","","Y","-oth-","Hände ans Lenkrad ","N","N","","","A4","A1","","Y","A4","","N","N","","","A3","A3","","Y","-oth-","Hände ans Lenkrad ","N","N","N","","","Nur in l2 obwohl Ansage für automatisiert ","A4","A5","","N","","","Y","Y","Geht er in manuell zurück sobald ich bremse trete? Nebenaufgabe aktuell nicht erlaubt, ","","A1","A3","","N","","","Y","Y","N","","","Kurze Schwierigkeiten bei L3 reset. P nimmt mehrmals Abbildung mit automationleceln zur hilfe","A1","A3","","Y","-oth-","Musste in manuell gehen","A1","","Y","N","","","A3","A3","","N","","","Y","N","","","A1","A3","","Y","A4","","N","N","","","A1","A5","","Y","-oth-","Kann in automatisiert schalten","Y","Y","N","","","","A1","A1","","Y","-oth-","Umschalten von automatisiert in manuell ","-oth-","System hat es nicht mehr vorgegeben","N","N","N","","Ton gewünscht ","","A1","A5","","Y","-oth-","Kann in automatisiert wechseln ","Y","Y","N","","","","A1","A1","","Y","-oth-","Von automatisiert in manuell ","A2","","N","N","N","","Konnte Grund nicht lesen, da erst auf nebenaufgabe konzentriert und dann übernommen","","A1"
"71","2020-10-22 15:17:54","1","de","","2020-10-22 14:17:27","2020-10-22 15:17:54","31","A1","2020-10-22 14:17:53","A2","A2","A1","","N","","","N","N","","","A1","A1","","Y","A3","","N","N","","","A1","A5","","N","","","Y","Y","N","","","Traut sich noch nicht so ganz die Hände weg zu nehmen ","A1","A5","","N","","","Y","Y","","","A1","A3","","N","","","N","N","Y","Hätte erwartet dass mit Wechsel Taste alle drei durchgemacht hat, vielleicht war ich auch nur zu langsam weil er in manuell das Gas weg nimmt","","Anfangs einmal aus versehen deaktiviert,  VL musste erneut auffordern ","A4","A3","","Y","A7","","A1","","N","N","","","A1","A3","","N","","","N","N","","","A1","A3","","Y","A4","","N","N","","","A1","A5","","N","","","Y","Y","Y","Hätte wahrscheinlich nur rechten nehmen müssen, dachte ich muss erst mit linker Taste aktivieren, das war dann aber ausschalten ","Darf ich die Hände bei assistiert wirklich nicht wegnehmen? Versuche die bildr zu interpretieren,  bei assistiert sind die Hände nicht ganz dran, aber was heißt das?","","A3","A1","","Y","A7","","-oth-","System ? ","N","N","N","","Spielen vergessen, weil automation so interessant. Beim spielen hätte ich bestimmt die meldung übersehen","P hat surt nicht bedient","A2","A5","","Y","-oth-","Beide verfügbar ","Y","Y","N","","","","A1","A1","","Y","A7","","A1","","N","N","N","","","","A1"
"72","2020-10-22 16:54:34","1","de","","2020-10-22 16:13:17","2020-10-22 16:54:34","73","A2","2020-10-22 16:13:32","A2","A2","A1","","N","","","N","N","","","A1","A1","","Y","A4","","N","N","","","A1","A3","","N","","","N","N","Y","Wusste nicht genau was was ist  daher nur eine Stufe hochgestellt","Wollte direkt hochschalten und habe noch nicht an gemacht, hat nicht funktioniert ","","A4","A5","","N","","","Y","Y","","","A1","A3","","N","","","N","N","N","","","","A1","A3","","Y","A7","","A1","","N","N","","","A1","A3","","N","","","N","N","","","A1","A3","","Y","A4","","N","N","","","A1","A5","","N","","","Y","Y","N","","","","A1","A1","","Y","-oth-","In manuell wechseln ","A1","","N","N","N","","","","A1","A5","","Y","A4","","Y","Y","N","","","","A1","A1","","Y","-oth-","Soll übernehmen und danach kam Aufforderung zur notbremsung ","-oth-","Evtl systemfehler","N","N","N","","Wusste nicht genau ob übernehmen sie jetzt bedeutet dass ich Automation ausschalten soll oder einfach nur Hände an Lenkrad nehmen","","A1"
"73","2020-10-23 09:48:58","1","de","","2020-10-23 09:10:25","2020-10-23 09:48:58","74","A2","2020-10-23 09:10:36","A3","A2","A1","","N","","","N","N","","","A1","A5","","Y","-oth-","Lenkrad fester","Y","Y","","P drückt Wechsel Taste, nichts passiert,  denkt aber ist in automatisierten fahren und spielt surt , Eingriff von vl","A5","A5","","N","","","Y","Y","Y","Wusste nicht was ich mit den Tasten machen muss, vielleicht Informationen was ich drücken kann durch aufleuchten der Tasten oder Info auf display","","","A4","A5","","Y","-oth-","Lenkrad war anders","Y","Y","","","A2","A3","","Y","-oth-","Lenkrad ","Y","N","N","","","Sagt nein, spielt aber trotzdem surt","A3","A3","","Y","-oth-","Lenkrad stabiler","A3","","N","N","","Spielt immer noch surt","A3","A3","","Y","-oth-","Lenkrad ","N","N","","","A3","A3","","Y","-oth-","Lenkrad ","N","Y","","Spielt immer noch surt","A3","A5","","Y","-oth-","Lenkrad ","Y","Y","N","","","","A1","A5","","Y","-oth-","Lenkrad ","A3","","Y","Y","N","","","Anzeige lange ignoriert und nicht gelesen, obwohl Kopf immer mal hin bewegt (im eyetracker prüfen), bei Notbremsung dann Vollbremsung ","A3","A5","","Y","-oth-","Lenkrad ","Y","Y","N","","","Spielt surt in l0","A1","A1","","Y","-oth-","Lenkrad ","A3","","N","N","N","","","Nachfrage VL warum immer surt bedient: P sagt es ist automatismus wenn es da hängt, so wie bei handy","A3"
"74","2020-10-23 12:14:31","1","de","","2020-10-23 11:14:26","2020-10-23 12:14:31","32","A1","2020-10-23 11:14:42","A2","A2","A1","","N","","","N","N","","","A1","A1","","N","","","N","N","","","A1","A5","","Y","A3","","Y","Y","N","","","","A2","A5","","Y","A3","","Y","Y","","","A1","A3","","Y","A3","","N","N","N","","","","A1","A3","","Y","A7","","A3","","N","N","","","A1","A3","","N","","","N","N","","","A1","A3","","Y","A4","","N","N","","","A1","A5","","N","","","Y","Y","N","","","","A1","A1","","Y","-oth-","Assistiert nicht mehr verfügbar ","A3","","N","N","N","","","P ist nur in l2 gefahren,  Meldung kam trotzdem ","A3","A5","","Y","A3","","Y","Y","N","","Sind von Spur abgekommen, musste nach Steuern, kann mich nicht ganz drauf verlassen, vielleicht etwas falsch eingestellt?","Hinweis und erklärung von vl","A1","A1","","Y","-oth-","Von automatisiert in manuell ","A3","","N","N","N","","","","A2"
"75","2020-10-23 15:27:55","1","de","","2020-10-23 14:23:24","2020-10-23 15:27:55","75","A2","2020-10-23 14:23:34","A2","A2","A1","","N","","","N","N","Sehr beschäftigt damit ins Display zu schauen","","A1","A1","","Y","-oth-","Anzeige automatisiertes fahren","N","N","Sehr unsicher, würde die Anzeige länger aufleuchten wenn automatisiert verfügbar? ","P ist unsicher was Anzeige bedeutet, denkt erst Auto wäre jetzt automatisiert ","A2","A5","","Y","-oth-","Anzeige erst blau und dann gelb","Y","Y","Y","Nicht sicher in welcher Stufe ich tatsächlich gelandet bin ","Traue mich noch nicht Nebentätigkeit zu machen","","A3","A5","","Y","-oth-","Anzeige Farbe","Y","Y","Immer noch unsicher ob in automatisierter stufe, blaue und Gelbe Stufe nicht eindeutig,  mir würde Ansage oder ähnliches fehlen","","A2","-oth-","Teilautomatisiert","Y","-oth-","Farbliche Anzeige ändert","N","N","Y","Immer noch nicht sicher welche die richtige stufe","","","A2","-oth-","Teilautomatisiert","Y","-oth-","Farben verändert","A3","","N","N","","","A1","-oth-","Teilautomatisiert","Y","-oth-","Farbe","N","N","Bin so mit herausfinden des richtigen Level beschäftigt,  dass ich gefahr im Verkehr wäre","","A1","-oth-","Teilautomatisiert","Y","-oth-","Farbe","N","N","","P schaltet hin und her um herauszufinden welches Level was ist","A2","A5","","Y","-oth-","Farbliche Anzeige ","Y","Y","N","","","","A1","A1","","Y","-oth-","Anzeige verschwindet ","A3","","Y","Y","N","","","P sieht Anzeige nicht, Aufforderung zur Übernahme durch vl als nicht auf Notbremsung reagiert ","A5","A5","","Y","-oth-","Gelbe Anzeige ","Y","Y","N","","","","A1","A5","","Y","-oth-","Anzeigen farbe","A3","","Y","Y","N","","","Wieder keine Reaktion auf Anzeigen,  Aufforderung von  vl","A5"
"76","2020-10-26 09:51:13","1","de","","2020-10-26 09:11:33","2020-10-26 09:51:13","33","A1","2020-10-26 09:11:42","A3","A2","A1","","N","","","N","N","","","A1","A1","","Y","A5","","N","N","","","A1","A5","","Y","-oth-","Auto alleine gefahren ","Y","Y","N","","","","A4","A3","","Y","-oth-","Rotes Licht Hände an Lenkrad ","N","N","","","A4","A3","","Y","-oth-","Ansage","N","N","N","","Keine Probleme, musste aber kurz nachdenken, alles neu und automationsstufe schwer zu merken","","A3","A3","","Y","-oth-","Assistiert nicht verfügbar ","A3","","N","N","","","A1","A3","","N","","","N","N","","","A1","A3","","Y","A4","","N","N","","Hinweis VL, dass P Fehler korrigieren darf","A3","A5","","Y","-oth-","Von assistiert in automatisiert","Y","Y","N","","","","A1","A1","","Y","-oth-","In manuell wechseln ","A1","","N","N","N","","","","A2","A3","","N","","","N","N","N","","","P plötzlich unsicher mit automationsstufe und beantwortet Frage falsch, hält blau für automatisiert ","A1","A5","","Y","-oth-","Manuell fahren","A1","","N","N","N","","","P sagt oben automatisierten,  geht aber im Verlauf der Fragen wahrscheinlich von manuell aus","A1"
"77","2020-10-26 11:58:40","1","de","","2020-10-26 11:00:00","2020-10-26 11:58:40","76","A2","2020-10-26 11:03:02","A3","A2","A1","","N","","","N","N","","","A1","A1","","Y","A4","","N","N","","","A1","A5","","N","","","Y","Y","N","","","","A1","A5","","N","","","Y","Y","","","A1","A3","","N","","","N","N","N","","","Nicht sicher bei Frage mit händen","A1","A3","","Y","A7","","-oth-","Sensorprobleme","N","N","","","A1","A3","","N","","","N","N","Gefühl ich werde müde weil ich mich weniger aufs fahren konzentrieren muss","","A1","A3","","Y","A4","","N","N","","","A1","A5","","N","","","Y","Y","N","","","","A1","A1","","Y","A8","","-oth-","Systemwechsel","N","N","N","","","","A2","A5","","Y","A3","","Y","Y","N","","","","A1","A1","","Y","A8","","A1","","N","N","N","","War das richtig, dass ich gebremst habe?","","A3"
"78","2020-10-27 11:55:34","1","de","","2020-10-27 10:52:52","2020-10-27 11:55:34","34","A1","2020-10-27 11:13:06","A3","A2","A3","","N","","","N","N","","","A2","A3","","N","","","N","Y","Gefühl ich muss weniger Kontrolle übernehmen ","","A3","A5","","N","","","Y","Y","N","","","","A1","A5","","N","","","Y","Y","","","A1","A3","","N","","","N","N","Y","Mir war nicht klar, dass ich nur Wechsel Taste drücken musste, habe zuerst aus gedrückt ","Sobald ich mich mit Tablet beschäftige fahre ich 10 kmh mehr und muss oft korrigieren , ich denke wenn ich mich weniger konzentriere kontrolliere ich Fuß auf Gas weniger","","A3","A3","","N","","","","","Y","Y","","","A3","A3","","N","","","N","N","","","A3","A3","","N","","","N","N","Gefühlt am Anfang wahrgenommen dass etwas schief gefahren, dann noch korrigiert,  am Ende hat das Auto gefühlt gar nicht mehr mitgelenkt","Spielt die ganze Zeit surt","A1","A5","","N","","","Y","Y","N","","Deutlicher unterschied zwischen fahrmodi, Fahrzeug reagiert ganz anders. Denke in automatisierten merke ich sofort dass das Auto viel ruhiger , wie auf Schienen fährt, deshalb besseres Gefühl etwas auf Tablet zu tun","","A1","A1","","Y","-oth-","In manuell wechseln ","A1","","N","N","Y","Anfangs schwer ersichtlich wie ich in manuell komme, dachte ich kann einfach durchwechseln","","","A3","A5","","Y","-oth-","Assistenz verfügbar ","Y","Y","N","","","","A1","A1","","N","","","","","N","N","N","","Keine Verfügbarkeit aber Aufforderung: Steuer sofort übernehmen,  Sensorfehler ","","A1"
"79","2020-10-27 14:31:22","1","de","","2020-10-27 13:29:10","2020-10-27 14:31:22","35","A1","2020-10-27 13:43:21","A3","A2","A1","","N","","","N","N","","","A1","A1","","Y","A3","","N","N","","","A1","A5","","Y","A3","","Y","Y","N","","","","A1","A5","","N","","","Y","Y","","P gibt  Gas in automatisierten fahren","A1","A3","","N","","","N","N","N","","","","A1","A3","","Y","A7","","A1","","N","N","","","A1","A3","","N","","","N","N","","","A1","A3","","Y","A4","","N","N","","","A1","A5","","N","","","Y","Y","N","","","","A1","A1","","Y","-oth-","Bitte übernehmen ","A1","","N","N","N","","Musste hinschauen, ohne ton schwierig,  hätte ich auch übersehen können","","A2","A5","","N","","","Y","Y","N","","","","A1","A1","","Y","-oth-","Sofort übernehmen ","A1","","N","N","N","","","","A1"
"80","2020-10-27 16:51:41","1","de","","2020-10-27 15:54:58","2020-10-27 16:51:41","77","A2","2020-10-27 15:55:10","A2","A2","A1","","N","","","N","N","","","A1","A1","","Y","A4","","N","N","","","A1","A3","","N","","","N","N","N","","","","A4","A3","","N","","","N","N","","","A4","A3","","N","","","N","N","N","","Probleme mit Begriffen, deshalb am Anfang immer im falschen Level und hier auch nicht geschaltet","","A4","A3","","N","","","","","N","N","","","A1","A3","","N","","","N","N","","O merkt bei Verfügbarkeit Frage an, dass automatisiert nicht verfügbar,  Änderung sei aber nicht während fahrt gewesen","A1","A3","","Y","A4","","N","N","","","A1","A5","","N","","","Y","Y","N","","","","A1","A1","","Y","A8","","-oth-","System irgendwas","N","N","N","","","","A2","A5","","Y","A3","","Y","Y","N","","","","A1","A1","","Y","A8","","A1","","N","N","N","","","","A2"
"81","2020-10-29 09:41:36","1","de","","2020-10-29 09:03:05","2020-10-29 09:41:36","78","A2","2020-10-29 09:03:15","A4","A2","A1","","N","","","N","Y","","","A1","A5","","Y","A4","","N","Y","","P denkt ist in automatisierten fahren und spielt surt ","A3","A5","","Y","-oth-","Geschwindigkeit und Spurhaltung","N","Y","Y","Ungewohnt die Kontrolle über Fahrzeug nicht zu haben","","","A4","A5","","Y","-oth-","Anzeige bllau","Y","Y","","","A4","A3","","Y","-oth-","Farbwechsel","Y","Y","N","","","","A4","A3","","N","","","","","Y","Y","","","A4","A3","","Y","-oth-","Farbwechsel","N","Y","","","A4","A3","","Y","-oth-","Anzeigen und Spurgaltung wechseln","N","Y","","","A2","A5","","Y","-oth-","Anzeigen , Lenkung,  spurhaltung","Y","Y","N","","","","A1","A5","","Y","-oth-","Spurhaltung","A3","","N","N","N","","","","A2","A5","","N","","","N","N","N","","","","A1","A5","","N","","","","","Y","Y","N","","","","A4"
"82","2020-10-29 12:22:09","1","de","","2020-10-29 11:02:39","2020-10-29 12:22:09","79","A2","2020-10-29 11:02:50","A4","A2","A1","","N","","","N","N","Wenn sich etwas geändert hat, dann habe ich nichts bemerkt","","A1","A1","","N","","","N","N","","P testet mit Händen von Lenkrad ob Auto automatisiert fährt ","A1","-oth-","Assistenten","Y","-oth-","In Spur geblieben ","Y","N","N","","","P fährt manuell ohne Hände, VL greift kurz vor Ende der Fahrt ein, da Auto von Spur abzukommen droht","A4","A3","","Y","-oth-","Steuer nicht mehr so fest in Hand halten","N","N","","P sehr unsicher was automationsstufe angeht, Hände von l entfernt, Hinweis von VL um notbremsung zu vermeiden","A4","A5","","N","","","Y","Y","Y","Merke den unterschied nicht, wollte jetzt erstmal gucken ob das Auto wirklich in der Spur bleibt","","","A4","A3","","Y","-oth-","Musste nicht mehr so viel lenken","A3","","N","N","Nachfrage was im assistiert gemacht werden muss. Erklärung vl, system überwachen","Wieder hände von steuer, hod Meldung und eingriff von vl","A4","A5","","N","","","Y","Y","Von gefühl her automatisiert, kann es nicht genau sagen, musste ich wegen Geschwindigkeit hände an steuer tun? Blau und gelb in Anzeige, weiß aber nicht was was ist. Vom Gefühl her würde ich sagen gelb ist assistiert u blau automatisiert ","Große Schwierigkeiten bei Beantwortung der 1. Frage","A3","A5","","Y","-oth-","Farbe","Y","Y","","","A4","-oth-","Kann ich nicht sagen","Y","-oth-","Lenkrad steuert","Y","Y","N","","Warum werden die Sachen so unmerklich gemacht, Stufe muss klar verständlich sein, ist für mich gar nicht nachvollziehbar. Dachte immer ich finde es über Fahrverhalten raus. Kein Problem mit Wechsel an sich, sondern mit Unterscheidung der stufen","Verwirrung warum h an l wenn Auto selber lenkt, geht davon aus dass Auto nur in automatisiert selber lenkt","A4","A5","","Y","-oth-","Hände von steuer","A3","","Y","Y","N","","","Keinerlei Reaktion auf Anzeige ","A4","A5","","Y","-oth-","Hände vom steuer","Y","Y","N","","","","A1","A5","","Y","-oth-","Lenkrad hat gelenkt","A3","","Y","Y","Y","Drücken nicht, merke den unterschied immer noch nicht","","Keinerlei Reaktion auf Anzeige,  Aufforderung zur Übernahme durch VL, da nur Hände ans Lenkrad genommen","A5"
"83","2020-10-29 14:26:48","1","de","","2020-10-29 13:27:02","2020-10-29 14:26:48","36","A1","2020-10-29 13:27:17","A4","A3","A1","","N","","","Y","N","","","A1","A1","","N","","","N","N","","","A1","A5","","Y","-oth-","Tempomat und Spurassistenf","Y","Y","N","","","","A4","A5","","Y","-oth-","Tempo und lenkung","Y","Y","","","A4","A3","","N","","","Y","Y","N","","","","A4","A5","","Y","-oth-","Fahrzeug übernimmt kontrolle","A3","","Y","Y","","","A2","A3","","N","","","N","N","Bin jetzt erst ein bisschen drauf gekommen ","","A2","A5","","N","","","Y","Y","Erst im assistierten, dann ist das automatisierte gekommen","P dachte bei verfügbarkeitsänderung dass Fahrzeug jetzt in automatisierten fahren ist","A1","A5","","N","","","Y","Y","N","","","","A2","A1","","Y","-oth-","Musste wieder alles selber machen","A3","","N","N","N","","","","A2","A5","","Y","-oth-","Spur und Geschwindigkeit von Auto übernommen","Y","Y","N","","","","A1","A1","","Y","-oth-","Selbst fahren müssen","-oth-","Aufforderung durch ton","N","N","N","","","","A1"
"84","2020-10-29 16:47:11","1","de","","2020-10-29 15:51:37","2020-10-29 16:47:11","37","A1","2020-10-29 15:51:45","A4","A3","-oth-","Normales fahren","N","","","N","N","","","A1","-oth-","Normal ","N","","","N","N","Habe mich nicht getraut Tablet zu bedienen ","","A1","A3","","Y","-oth-","Spurhaltung","Y","Y","Y","Wusste nicht was ich drücken muss, wusste nicht welche Taste assistiert und welche automatisiert,  da steht zweimal aut","","","A4","A5","","N","","","Y","Y","Mir fällt es schwer mich auf Tablet zu konzentrieren,  habe das Gefühl ich muss auf Straße schauen. Tu mich etwas schwer mit automatisiert und assistiert (mit Begriffen und Einstellungen)","","A2","A3","","N","","","N","N","N","","","","A1","A3","","Y","A7","","A3","","N","N","Unsicher ob nebenaufgabe machen soll oder nicht","","A1","A3","","N","","","N","N","","","A1","A3","","Y","A4","","N","N","","","A1","A5","","N","","","Y","Y","N","","","","A1","A1","","Y","-oth-","Muss übernehmen ","A3","","N","N","N","","","","A2","A5","","Y","-oth-","Beides verfügbar ","Y","Y","N","","","","A1","A1","","N","","","","","N","N","N","","","","A1"
"85","2020-10-30 10:06:47","1","de","","2020-10-30 09:00:29","2020-10-30 10:06:47","80","A2","2020-10-30 09:00:45","A3","A2","A1","","N","","","N","N","","","A1","A1","","N","","","N","N","Dachte er hat automatisiertes fahren aktiviert, weil das Display das gesagt hat. ","P spielt surt und droht von Straße abzukommen, ","A5","A1","","N","","","N","N","N","","Habe gedrückt, automatisiert würde aber nicht aktiviert. Gemerkt weil Auto langsamer geworden. Wäre gut wenn man einen Hinweis bekommt (z.b. grünes licht) sobald Assistenz aktiviert, vermisse Vibrationen am Lenkrad ","","A4","A1","","N","","","N","N","Ganz normal gefahren,  ohne assistenz. Ich bin es ja gewohnt automatisiert zu fahren, hier merkt man gar nichts am Lenkrad.  Vielleicht drücke ich den falschen Knopf, vielleicht muss ich erst einschalten. Bin es von Mercedes anders gewöhnt. Warum muss ich erst einschalten wenn ich auch direkt automatisiert fahren könnte? Finde ich überflüssig ","","A4","-oth-","Vollautomatisch ","Y","-oth-","Spur gehalten","Y","Y","N","","War nicht sicher welche Stufe ich hatte, das könnte ich nicht unterscheiden. System sollte mir klar machen was was ist","P sagt während der Fahrt, dass das Auto in die Spur zurück lenkt und deshalb im automatisierten sein müsste (WaR aber assistiert )","A2","A5","","N","","","","","Y","Y","Unsicher in welcher stufe ich mich befinde. Sollte klar kommuniziert werden und was ich nebenbei machen darf. Könnte auch auf Handy oder Tablet dann angezeigt werden","P hat Hände nicht am Lenkrad,  hod zeigt notbremsung,  p bremst runter . Tc wird manuell zu Ende gefahren ","A5","A5","","Y","-oth-","Geschwindigkeit und Spurghaltung ","Y","Y","Immernoch unsicher in welcher stufe","","A4","A1","","Y","","","Y","Y","System ist trotz Lenkrad Eingriff im automatisierten fahren ... Bin gewohnt dass das System neu startet wenn ich eingreife. War überrascht dass das Auto weitergefahren ist als ich in Lenkrad eingegriffen  habe","Verstehe seine Aussage nicht. HOD überdeckt verfügbarkeitsmeldung. P bremst ab und bleibt stehen bei Notbremsung.  Tc wird manuell zuende gefahren ","A4","-oth-","Vollassistiert","N","","","Y","Y","Y","Erkennte Unterschied zwischen stufen nicht","Mehr mit Tönen arbeiten  damit ich was merke wenn ich abgelenkt bin","P spielt immer surt, dieht hod nie, scheint nicht zu verstehen wann jände ans steuer müssen. Bleibt immer stehen wenn das Auto notbremsung anzeigt","A4","-oth-","Vollautomatisch ","Y","-oth-","Hat anfangs bei einschalten nicht gelenkt","A3","","N","N","N","","","Meldung überdeckt HOD, nur Ton  zu hören, daraufhin bremst p","A5","A1","","N","","","N","N","Y","Nicht erkennbar , ist System ein oder aus, immer unsicher","","Wieder HOD notbremsung,  manuell zu Ende gefahren ","A5","A5","","Y","-oth-","Reagiert bei einschalten ","A3","","Y","Y","Y","Erkenne immer noch nicht welches System aktiviert ","","","A4"
"86","2020-10-30 11:53:00","1","de","","2020-10-30 11:08:26","2020-10-30 11:53:00","38","A1","2020-10-30 11:08:57","A3","A2","A1","","N","","","N","N","","","A1","A1","","Y","A4","","N","N","","","A1","A3","","N","","","N","N","N","","Unterschied zwischen automatisiert und assistiert war für mich noch nicht ganz eindeutig. Weiß auch nicht ob ich Meldung gesehen hätte wenn ich sehr abgelenkt bin (Hod)","","A4","A3","","N","","","N","N","","P hat wohl verständnisprobleme mit dem Begriff   , habe nachgefragt,  verstehe ihre Aussage aber nicht so ganz","A4","A3","","Y","-oth-","Hätte auch in automatisiert schalten können","N","N","Y","Hatte Probleme mit begrifflichkeiten, erst jetzt ist klar geworden, dass ich schon vorher eine Stufe weiter schalten sollte","","","A3","A3","","Y","A7","","A1","","N","N","","","A1","A3","","N","","","N","N","","","A1","A3","","Y","A4","","N","N","","","A1","A5","","N","","","Y","Y","N","","","","A1","A1","","Y","A7","","A1","","N","N","N","","Habe es aus augenwinkel gesehen, würde mir aber zusätzlichen sound wünschen ","","A3","A5","","Y","A3","","Y","Y","N","","","","A1","A1","","Y","A7","","A1","","N","N","Y","Unterbewusste reaktion war ganz leicht zu bremsen, damit ging es aber nicht weg, deshalb knopf gedrückt ","","","A2"
"87","2020-10-30 14:45:40","1","de","","2020-10-30 13:55:24","2020-10-30 14:45:40","81","A2","2020-10-30 13:56:24","A3","A2","A1","","N","","","N","N","","","A1","A1","","Y","A4","","N","N","","","A1","A3","","Y","A2","","N","N","N","","Hätte Verfügbarkeit prominenter erwartet und nicht so klein auf der rechten seite ","","A4","-oth-","Level 3","N","","","Y","Y","","P beschreibt skala für Verfügbarkeit korrekt","A1","A3","","N","","","N","N","N","","","","A1","A3","","Y","A7","","-oth-","Sensordefekt","N","N","","","A1","A3","","N","","","N","N","","","A1","A3","","Y","A4","","N","N","","","A1","A5","","N","","","Y","Y","N","","","","A1","A1","","Y","A7","","A3","","N","N","N","","Hinweis sehr leicht zu verpassen, weil nur visuell und nicht akustisch. Notbremsung aufforderung da muss man ja sofort reagieren ","Hat die Anzeige gesehen, hat nicht reagiert weil auf Ansage gewartet","A4","A5","","N","","","Y","Y","N","","","","A1","A1","","Y","A8","","A1","","N","N","N","","Notbremsung nur gelb dargestellt, in rot gewünscht, oder mit rotem Hintergrund ","Farbfehlsichtigkeit?","A2"
"88","2020-10-30 17:08:46","1","de","","2020-10-30 16:05:49","2020-10-30 17:08:46","82","A2","2020-10-30 16:05:57","A3","A3","A1","","N","","","N","N","","","A1","A1","","Y","A3","","N","N","","","A1","A5","","N","","","Y","Y","N","","Muss je schlenker fahren um automation zu testen","","A3","A5","","N","","","Y","Y","","","A1","A1","","N","","","N","N","N","","Wusste nicht, dass System ausschaltet wenn ich bremse . Komisch, dass das Bremsen die Stufe beendet, und komisch dass es keinen merklichen unterschied zwischen assistiert und automatisiert gibt","P bremst unaufgefordert um zu testen, tc manuell zu Ende gefahren","A3","-oth-","Zweite","Y","A7","","A1","","N","N","","Hod notbremsung,  Aufforderung von vl","A3","A1","","N","","","N","N","","Automation durch lenken Übersteuert","A4","A1","","Y","A4","","N","N","","","A3","A1","","N","","","N","N","N","","","Bremst und beendet die Automation unaufgefordert,  tc manuell zu Ende gefahren ","A3","A1","","N","","","","","N","N","N","","Systemgrenze,  übernehmen Sie. Was bedeutet das? Finde ich unlogisch. Wenn das Display so eine notbremsung anzeigt, ist das eine Katastrophe,  kann viel zu leicht übersehen werden , akustische Meldung fehlt ","","A3","A5","","Y","A4","","Y","Y","Y","Finde es blöd das System einzuschalten und dann zu wechseln. Bei drei Stufen reicht doch ein Knopf für Stufe 0, assistiert und automatisiert ","","","A3","A1","","N","","","","","N","N","N","","","","A2"

